0.006811423,0.007014763,0.007203039,0.007361184,0.007474135,0.007534906,0.007568833,0.007609329,0.007689811,0.007832211,0.008012539,0.008195323,0.008345091,0.008446967,0.008568458,0.008797667,0.009222697,0.009887601,0.010660239,0.011364422,0.01182396,0.011927064,0.011819545,0.011711613,0.011813478,0.01226756,0.012945115,0.013649611,0.014184515,0.014407581,0.014393717,0.014272121,0.014171987,0.014209023,0.014444977,0.014928105,0.015706667,0.016765398,0.017834949,0.018582451,0.018675032,0.017910029,0.016605607,0.015210136,0.014171987,0.013808664,0.0139142,0.014151761,0.014184515,0.013773794,0.013073602,0.012336106,0.011813478,0.011678338,0.011785118,0.011908697,0.01182396,0.011373338,0.010669464,0.009892523,0.009222697,0.008795278,0.008565986,0.008445648,0.008345091,0.008195964,0.008013202,0.007832565,0.007689811,0.007609156,0.007568652,0.007534808,0.007474135,0.007361237,0.007203099,0.007014801,0.006811423
0.006811423,0.007014763,0.007203039,0.007361184,0.007474135,0.007534906,0.007568833,0.007609329,0.007689811,0.007832211,0.008012539,0.008195323,0.008345091,0.008446967,0.008568458,0.008797667,0.009222697,0.009887601,0.010660239,0.011364422,0.01182396,0.011927064,0.011819545,0.011711613,0.011813478,0.01226756,0.012945115,0.013649611,0.014184515,0.014407581,0.014393717,0.014272121,0.014171987,0.014209023,0.014444977,0.014928105,0.015706667,0.016765398,0.017834949,0.018582451,0.018675032,0.017910029,0.016605607,0.015210136,0.014171987,0.013808664,0.0139142,0.014151761,0.014184515,0.013773794,0.013073602,0.012336106,0.011813478,0.011678338,0.011785118,0.011908697,0.01182396,0.011373338,0.010669464,0.009892523,0.009222697,0.008795278,0.008565986,0.008445648,0.008345091,0.008195964,0.008013202,0.007832565,0.007689811,0.007609156,0.007568652,0.007534808,0.007474135,0.007361237,0.007203099,0.007014801,0.006811423
0.006811423,0.007014763,0.007203039,0.007361184,0.007474135,0.007534906,0.007568833,0.007609329,0.007689811,0.007832211,0.008012539,0.008195323,0.008345091,0.008446967,0.008568458,0.008797667,0.009222697,0.009887601,0.010660239,0.011364422,0.01182396,0.011927064,0.011819545,0.011711613,0.011813478,0.01226756,0.012945115,0.013649611,0.014184515,0.014407581,0.014393717,0.014272121,0.014171987,0.014209023,0.014444977,0.014928105,0.015706667,0.016765398,0.017834949,0.018582451,0.018675032,0.017910029,0.016605607,0.015210136,0.014171987,0.013808664,0.0139142,0.014151761,0.014184515,0.013773794,0.013073602,0.012336106,0.011813478,0.011678338,0.011785118,0.011908697,0.01182396,0.011373338,0.010669464,0.009892523,0.009222697,0.008795278,0.008565986,0.008445648,0.008345091,0.008195964,0.008013202,0.007832565,0.007689811,0.007609156,0.007568652,0.007534808,0.007474135,0.007361237,0.007203099,0.007014801,0.006811423
0.006811423,0.007014763,0.007203039,0.007361184,0.007474135,0.007534906,0.007568833,0.007609329,0.007689811,0.007832211,0.008012539,0.008195323,0.008345091,0.008446967,0.008568458,0.008797667,0.009222697,0.009887601,0.010660239,0.011364422,0.01182396,0.011927064,0.011819545,0.011711613,0.011813478,0.01226756,0.012945115,0.013649611,0.014184515,0.014407581,0.014393717,0.014272121,0.014171987,0.014209023,0.014444977,0.014928105,0.015706667,0.016765398,0.017834949,0.018582451,0.018675032,0.017910029,0.016605607,0.015210136,0.014171987,0.013808664,0.0139142,0.014151761,0.014184515,0.013773794,0.013073602,0.012336106,0.011813478,0.011678338,0.011785118,0.011908697,0.01182396,0.011373338,0.010669464,0.009892523,0.009222697,0.008795278,0.008565986,0.008445648,0.008345091,0.008195964,0.008013202,0.007832565,0.007689811,0.007609156,0.007568652,0.007534808,0.007474135,0.007361237,0.007203099,0.007014801,0.006811423
0.006811423,0.007014763,0.007203039,0.007361184,0.007474135,0.007534906,0.007568833,0.007609329,0.007689811,0.007832211,0.008012539,0.008195323,0.008345091,0.008446967,0.008568458,0.008797667,0.009222697,0.009887601,0.010660239,0.011364422,0.01182396,0.011927064,0.011819545,0.011711613,0.011813478,0.01226756,0.012945115,0.013649611,0.014184515,0.014407581,0.014393717,0.014272121,0.014171987,0.014209023,0.014444977,0.014928105,0.015706667,0.016765398,0.017834949,0.018582451,0.018675032,0.017910029,0.016605607,0.015210136,0.014171987,0.013808664,0.0139142,0.014151761,0.014184515,0.013773794,0.013073602,0.012336106,0.011813478,0.011678338,0.011785118,0.011908697,0.01182396,0.011373338,0.010669464,0.009892523,0.009222697,0.008795278,0.008565986,0.008445648,0.008345091,0.008195964,0.008013202,0.007832565,0.007689811,0.007609156,0.007568652,0.007534808,0.007474135,0.007361237,0.007203099,0.007014801,0.006811423
0.006704139,0.006908093,0.007107659,0.007298451,0.007476081,0.007639396,0.007800179,0.007973445,0.008174211,0.008408277,0.008644578,0.008842832,0.008962757,0.008991176,0.009023335,0.009181583,0.00958827,0.010308704,0.01118004,0.011982389,0.012495864,0.012579264,0.012406139,0.012228724,0.012299256,0.012786104,0.013522166,0.014256474,0.01473806,0.01479617,0.014580908,0.014322594,0.014251547,0.014544949,0.015167442,0.01603053,0.017045718,0.018098786,0.01897262,0.019424381,0.019211229,0.018205933,0.016743687,0.015275291,0.014251547,0.013984488,0.014231086,0.014609542,0.01473806,0.014347069,0.013615901,0.012836111,0.012299256,0.012204449,0.012381023,0.012565865,0.012495864,0.011988893,0.01118677,0.010312295,0.00958827,0.00917984,0.009021532,0.008990214,0.008962757,0.008843299,0.008645062,0.008408536,0.008174211,0.007973319,0.007800047,0.007639325,0.007476081,0.00729849,0.007107703,0.00690812,0.006704139
0.006639163,0.00683373,0.007034212,0.007246525,0.007476584,0.00772914,0.008004295,0.008300982,0.00861814,0.008946968,0.009247723,0.009472923,0.009575089,0.009540457,0.009490121,0.009578894,0.009961586,0.010724451,0.011679513,0.012570239,0.013140096,0.013222416,0.013009996,0.012785503,0.0128316,0.013336189,0.014108126,0.014861507,0.015310424,0.015267146,0.014936635,0.014622024,0.014626448,0.015168633,0.016129659,0.017306199,0.018494923,0.019501039,0.020163899,0.020331387,0.019851392,0.018668864,0.017117013,0.015626116,0.014626448,0.014410235,0.014717507,0.015150243,0.015310424,0.014918255,0.014166841,0.013367513,0.0128316,0.012770297,0.012994264,0.013214022,0.013140096,0.012574314,0.011683729,0.0107267,0.009961586,0.009577802,0.009488992,0.009539854,0.009575089,0.009473216,0.009248026,0.00894713,0.00861814,0.008300903,0.008004212,0.007729096,0.007476584,0.007246549,0.00703424,0.006833747,0.006639163
0.006658802,0.006823983,0.007004631,0.007216214,0.0074742,0.007789393,0.008153949,0.008555362,0.008981126,0.009410908,0.009793078,0.010068179,0.010176756,0.01009988,0.009980725,0.010002994,0.01035039,0.011129484,0.012138331,0.013097856,0.013728985,0.013847471,0.013648383,0.013421618,0.013457073,0.013949355,0.014711906,0.01546288,0.015920427,0.015902898,0.015629432,0.015419365,0.015592033,0.01636783,0.017571377,0.018928353,0.020164435,0.021041022,0.021462393,0.021368548,0.020699487,0.019465849,0.017960834,0.016548282,0.015592033,0.015335826,0.015542998,0.015856786,0.015920427,0.015485264,0.014735066,0.01396171,0.013457073,0.01341562,0.013642177,0.01384416,0.013728985,0.013099463,0.012139994,0.011130371,0.01035039,0.010002564,0.00998028,0.010099642,0.010176756,0.010068295,0.009793197,0.009410972,0.008981126,0.008555331,0.008153917,0.007789375,0.0074742,0.007216224,0.007004642,0.006823989,0.006658802
0.006805363,0.006911158,0.007040847,0.007218325,0.007467485,0.007805407,0.008221913,0.008700007,0.009222697,0.009762721,0.010251749,0.010611183,0.010762425,0.010674517,0.010507056,0.01046728,0.010762425,0.011518446,0.012536165,0.013535123,0.01423486,0.014445383,0.014338562,0.014176736,0.014222241,0.014657142,0.015342415,0.016058763,0.016586888,0.016785813,0.016827836,0.016963574,0.017443643,0.018430299,0.019732348,0.021070236,0.022164407,0.022787598,0.022921711,0.022600941,0.021859481,0.020763917,0.019510397,0.018327459,0.017443643,0.017011182,0.016877095,0.016812092,0.016586888,0.016046006,0.015329216,0.014650101,0.014222241,0.014180154,0.014342099,0.01444727,0.01423486,0.013534207,0.012535217,0.01151794,0.010762425,0.010467525,0.01050731,0.010674652,0.010762425,0.010611117,0.010251681,0.009762685,0.009222697,0.008700025,0.008221931,0.007805417,0.007467485,0.007218319,0.007040841,0.006911154,0.006805363
0.007102999,0.00711805,0.007163806,0.007270973,0.007470256,0.007785016,0.008209237,0.008729557,0.009332615,0.00998974,0.010611015,0.011091216,0.011325116,0.0112623,0.011071593,0.010976633,0.011201059,0.011888324,0.012861159,0.01386211,0.014633726,0.014994164,0.015064018,0.015039493,0.015116795,0.015444178,0.015978093,0.016627042,0.017299525,0.017933447,0.01858432,0.019337061,0.020276588,0.021439125,0.02266614,0.023750407,0.024484702,0.024717585,0.024520754,0.024021692,0.02334788,0.022608392,0.021838664,0.02105572,0.020276588,0.019514556,0.018767965,0.01803142,0.017299525,0.016579483,0.015928886,0.015417926,0.015116795,0.015052237,0.015077203,0.015001198,0.014633726,0.013858696,0.012857626,0.011886439,0.011201059,0.010977548,0.01107254,0.011262805,0.011325116,0.011090971,0.010610761,0.009989604,0.009332615,0.008729623,0.008209306,0.007785054,0.007470256,0.007270953,0.007163783,0.007118036,0.007102999
0.007503246,0.007429399,0.007390504,0.007421511,0.00755737,0.007826365,0.008230104,0.008763526,0.009421572,0.010178125,0.010922852,0.011524363,0.011851268,0.011832601,0.011639091,0.01150189,0.01165215,0.012245483,0.013135342,0.014099643,0.014916299,0.01542007,0.015673103,0.015794392,0.01590293,0.016107433,0.016475503,0.017064468,0.017931654,0.019104025,0.020487106,0.02195606,0.02338605,0.024658714,0.025681588,0.026368684,0.026634013,0.02643961,0.025939599,0.025336131,0.024831354,0.02455779,0.024369458,0.024050748,0.02338605,0.022237513,0.020778313,0.019259382,0.017931654,0.016989053,0.016397475,0.016065805,0.01590293,0.0158146,0.015694011,0.015431224,0.014916299,0.014094229,0.01312974,0.012242494,0.01165215,0.011503341,0.011640593,0.011833402,0.011851268,0.011523974,0.010922449,0.01017791,0.009421572,0.008763631,0.008230214,0.007826425,0.00755737,0.007421479,0.007390468,0.007429377,0.007503246
0.007939483,0.007820432,0.007736948,0.007724596,0.007818943,0.008050177,0.008426979,0.00895265,0.009630492,0.010438747,0.011255408,0.011933406,0.012325672,0.012347656,0.012164878,0.012005374,0.012097181,0.01259863,0.013389217,0.014278733,0.015076969,0.015636419,0.015980393,0.016174905,0.016285968,0.016396963,0.016660738,0.017247507,0.018327486,0.019990942,0.022008355,0.024070257,0.02586718,0.027148798,0.027901347,0.028170204,0.028000745,0.027470252,0.026783617,0.026177638,0.025889112,0.026048925,0.026364319,0.026436627,0.02586718,0.02439995,0.022349474,0.020172927,0.018327486,0.017159166,0.016569335,0.0163482,0.016285968,0.016198576,0.016004885,0.015649485,0.015076969,0.014272391,0.013382654,0.012595129,0.012097181,0.012007074,0.012166636,0.012348595,0.012325672,0.01193295,0.011254936,0.010438495,0.009630492,0.008952773,0.008427107,0.008050247,0.007818943,0.007724559,0.007736905,0.007820406,0.007939483
0.008345091,0.008266376,0.008219146,0.00823489,0.008345091,0.008577176,0.008942326,0.009447661,0.010100302,0.010882475,0.011676831,0.012341127,0.01273312,0.012769698,0.012604278,0.012449408,0.012517636,0.012956473,0.013653283,0.014430393,0.01511013,0.01555653,0.015800461,0.015914501,0.015971229,0.016062825,0.01635989,0.017052626,0.018331237,0.020287593,0.022620227,0.024929338,0.026815128,0.027969111,0.02844807,0.0284001,0.027973301,0.027326091,0.026658179,0.026179594,0.026100365,0.026518609,0.027084786,0.027337444,0.026815128,0.025221764,0.022922786,0.020449006,0.018331237,0.016974271,0.016278819,0.016019575,0.015971229,0.015935497,0.015822184,0.015568119,0.01511013,0.014424767,0.013647462,0.012953368,0.012517636,0.012450916,0.012605838,0.01277053,0.01273312,0.012340723,0.011676413,0.010882252,0.010100302,0.00944777,0.00894244,0.008577238,0.008345091,0.008234856,0.008219108,0.008266352,0.008345091
0.008667033,0.008738722,0.008832821,0.008971744,0.009177902,0.009470463,0.009855615,0.010336304,0.010915477,0.011577154,0.012229656,0.012762383,0.013064733,0.013075164,0.012928387,0.012808172,0.012898291,0.013319894,0.013943646,0.014577592,0.015029776,0.015166103,0.015083916,0.01493842,0.014884821,0.015066735,0.015581437,0.016514616,0.01795196,0.019906209,0.022098316,0.024176286,0.025788123,0.026672829,0.026933389,0.026763786,0.026358002,0.025896196,0.025503221,0.02529011,0.025367891,0.025769152,0.026212701,0.026338903,0.025788123,0.024330874,0.022258262,0.019991539,0.01795196,0.016473194,0.01553858,0.015043871,0.014884821,0.014949519,0.015095399,0.015172229,0.015029776,0.014574618,0.013940569,0.013318253,0.012898291,0.012808969,0.012929212,0.013075604,0.013064733,0.01276217,0.012229435,0.011577035,0.010915477,0.010336362,0.009855675,0.009470495,0.009177902,0.008971727,0.008832801,0.008738709,0.008667033
0.008906605,0.009194025,0.009492551,0.009813292,0.010167353,0.01056265,0.010994334,0.011454365,0.011934701,0.01241853,0.012853958,0.013180319,0.013336945,0.013297302,0.013171372,0.013103269,0.013237106,0.01365847,0.01421883,0.014711132,0.014928317,0.014740379,0.014325516,0.013938971,0.013835994,0.014217037,0.015063397,0.016301573,0.01785807,0.019634381,0.02143196,0.023027254,0.024196708,0.024786889,0.024924854,0.024807781,0.024632847,0.024559585,0.024596945,0.024716229,0.024888743,0.025064846,0.025111118,0.024873193,0.024196708,0.0229873,0.021390622,0.019612327,0.01785807,0.016312279,0.015074473,0.014222947,0.013835994,0.013936103,0.014322548,0.014738796,0.014928317,0.0147119,0.014219625,0.013658894,0.013237106,0.013103063,0.013171159,0.013297188,0.013336945,0.013180374,0.012854016,0.012418561,0.011934701,0.01145435,0.010994319,0.010562642,0.010167353,0.009813296,0.009492557,0.009194028,0.008906605
0.009078685,0.009585106,0.01009263,0.010602357,0.011115389,0.011628729,0.012122978,0.012574637,0.012960207,0.013259328,0.013464198,0.013570151,0.013572523,0.013483563,0.013383169,0.013368156,0.013535334,0.013933949,0.014422962,0.014813769,0.014917764,0.014626986,0.014156054,0.013800232,0.013854784,0.014533738,0.015726169,0.017239919,0.018882825,0.020478537,0.02191393,0.02309169,0.023914502,0.024331674,0.024478997,0.024538885,0.024693753,0.025067769,0.025552115,0.025979728,0.026183542,0.026035479,0.025563393,0.024834121,0.023914502,0.022859086,0.021673265,0.020350143,0.018882825,0.017302245,0.015790655,0.014568141,0.013854784,0.013783531,0.014138775,0.014617767,0.014917764,0.014818244,0.014427592,0.013936419,0.013535334,0.013366957,0.013381929,0.013482901,0.013572523,0.013570473,0.013464531,0.013259506,0.012960207,0.01257455,0.012122887,0.01162868,0.011115389,0.010602383,0.01009266,0.009585125,0.009078685
0.00919815,0.009864786,0.010527349,0.011181765,0.01182396,0.012443692,0.01300604,0.013469916,0.01379423,0.013952271,0.013974835,0.013907097,0.01379423,0.013681397,0.013613716,0.013636291,0.01379423,0.014108081,0.01450017,0.014868263,0.01511013,0.015173547,0.015206324,0.015406278,0.015971229,0.01703684,0.018490157,0.020156074,0.021859481,0.023445104,0.024836996,0.025979042,0.026815128,0.027327563,0.027652344,0.027963895,0.028436637,0.029172256,0.0299815,0.03060238,0.030772909,0.030310839,0.029352883,0.028115495,0.026815128,0.025614275,0.024459588,0.023243759,0.021859481,0.020253813,0.018591283,0.01709079,0.015971229,0.015380089,0.015179227,0.015159091,0.01511013,0.01487528,0.01450743,0.014111955,0.01379423,0.013634411,0.01361177,0.013680359,0.01379423,0.013907601,0.013975357,0.01395255,0.01379423,0.013469779,0.013005897,0.012443614,0.01182396,0.011181806,0.010527397,0.009864816,0.00919815
0.009275857,0.009998675,0.010719768,0.011437408,0.01214987,0.012845827,0.013475548,0.0139797,0.014298951,0.014397128,0.014330694,0.014179268,0.014022471,0.013925661,0.013897134,0.013930924,0.014021064,0.014173819,0.01444438,0.014900168,0.015608605,0.016612972,0.017859993,0.019272251,0.020772328,0.022301281,0.023874066,0.025524112,0.027284848,0.029158682,0.031023938,0.032727918,0.034117924,0.035098043,0.035799496,0.036410289,0.037118427,0.038033257,0.038949499,0.039583211,0.039650455,0.038953883,0.037642523,0.035951997,0.034117924,0.032332587,0.030614907,0.028940467,0.027284848,0.02563004,0.023983665,0.022359752,0.020772328,0.019243867,0.017830626,0.016597305,0.015608605,0.014907773,0.014452249,0.014178017,0.014021064,0.013928886,0.013895025,0.013924536,0.014022471,0.014179814,0.014331259,0.01439743,0.014298951,0.013979552,0.013475393,0.012845744,0.01214987,0.011437453,0.010719819,0.009998707,0.009275857
0.009306571,0.010003541,0.010708003,0.011427446,0.012169361,0.012926626,0.013633668,0.014210299,0.014576335,0.014681859,0.014598048,0.014426352,0.014268217,0.014200825,0.01420429,0.014234458,0.014247176,0.014248923,0.014448721,0.015106224,0.016481087,0.018719305,0.021512227,0.02443754,0.027072931,0.029121729,0.030789816,0.032408716,0.034309951,0.036716552,0.03941757,0.042093569,0.044425107,0.046179031,0.047467324,0.048488255,0.049440095,0.050445796,0.051327053,0.051830245,0.051701752,0.050760244,0.049113552,0.046941799,0.044425107,0.041740451,0.039052216,0.036521637,0.034309951,0.032503334,0.030887713,0.029173956,0.027072931,0.024412187,0.021485996,0.018705311,0.016481087,0.015113017,0.014455749,0.014252673,0.014247176,0.014232638,0.014202407,0.01419982,0.014268217,0.01442684,0.014598554,0.014682129,0.014576335,0.014210167,0.01363353,0.012926551,0.012169361,0.011427486,0.010708049,0.01000357,0.009306571
0.009281036,0.009908943,0.010558937,0.011253103,0.01201353,0.012840878,0.013650101,0.01433473,0.014788292,0.014941468,0.014873537,0.01470093,0.014540076,0.014478767,0.014490239,0.014519091,0.014509922,0.014482354,0.014756118,0.015725966,0.017786654,0.021151873,0.025311062,0.029572597,0.033244854,0.035847784,0.037747633,0.039522222,0.041749373,0.044834164,0.048490716,0.052260406,0.055684612,0.058409547,0.060500768,0.062128663,0.063463624,0.064613596,0.065436736,0.065728755,0.065285364,0.063958724,0.061826786,0.059023949,0.055684612,0.051975974,0.048196427,0.044677163,0.041749373,0.039598436,0.037826487,0.035889852,0.033244854,0.029552176,0.025289933,0.021140601,0.017786654,0.015731438,0.014761779,0.014485375,0.014509922,0.014517625,0.014488722,0.014477957,0.014540076,0.014701323,0.014873944,0.014941685,0.014788292,0.014334623,0.01364999,0.012840818,0.01201353,0.011253136,0.010558974,0.009908966,0.009281036
0.009189996,0.009744438,0.010339451,0.011015607,0.011813478,0.012743372,0.013694549,0.014526004,0.015096735,0.015310961,0.015253798,0.015055585,0.014846659,0.014731361,0.014710033,0.014757018,0.014846659,0.015023076,0.015609499,0.016998932,0.019584382,0.023570002,0.028404536,0.033347876,0.037659911,0.040829047,0.043257742,0.045576966,0.048417691,0.052226972,0.056716198,0.061412841,0.065844374,0.069628616,0.072744768,0.07526238,0.077251,0.078740384,0.079601122,0.079664013,0.078759854,0.076778127,0.073843042,0.070137493,0.065844374,0.06117726,0.056472453,0.052096936,0.048417691,0.045640089,0.043323053,0.04086389,0.037659911,0.033330962,0.028387036,0.023560666,0.019584382,0.017003464,0.015614188,0.015025578,0.014846659,0.014755804,0.014708776,0.014730691,0.014846659,0.01505591,0.015254135,0.015311141,0.015096735,0.014525916,0.013694457,0.012743322,0.011813478,0.011015634,0.010339482,0.009744457,0.009189996
0.009042631,0.009547823,0.0101145,0.01080415,0.011678257,0.012757213,0.013897027,0.014912611,0.015618881,0.015886174,0.015806528,0.015527403,0.015196261,0.014944574,0.014839856,0.014933631,0.015277425,0.015948787,0.017129366,0.019026839,0.02184888,0.025688669,0.030181395,0.034847752,0.039208434,0.042931428,0.046273899,0.049640306,0.053435108,0.057945142,0.062986765,0.068258714,0.073459724,0.078318035,0.082679898,0.086421066,0.089417296,0.091536319,0.092613778,0.092477293,0.090954486,0.087965278,0.083798796,0.078836469,0.073459724,0.06801871,0.062738444,0.057812664,0.053435108,0.049704615,0.046340437,0.042966925,0.039208434,0.03483052,0.030163566,0.025679157,0.02184888,0.019031456,0.017134143,0.015951335,0.015277425,0.014932394,0.014838576,0.014943891,0.015196261,0.015527734,0.015806871,0.015886358,0.015618881,0.014912522,0.013896933,0.012757162,0.011678257,0.010804177,0.010114532,0.009547842,0.009042631
0.00892187,0.00938985,0.009941326,0.010659791,0.011628742,0.012878765,0.014228813,0.015444935,0.016293175,0.016606262,0.016483655,0.016091492,0.015595913,0.015160727,0.014940412,0.015087115,0.015752982,0.017052126,0.018946528,0.021360135,0.024216893,0.027445445,0.030993208,0.034812297,0.038854826,0.043086075,0.047523993,0.052199698,0.057144305,0.062377705,0.06787488,0.073599586,0.079515579,0.085530714,0.09132925,0.096539544,0.100789954,0.103737298,0.105152232,0.104833872,0.102581333,0.098339106,0.092633169,0.086134876,0.079515579,0.073319894,0.067585496,0.062223321,0.057144305,0.052274641,0.047601534,0.043127442,0.038854826,0.034792216,0.030972431,0.02743436,0.024216893,0.021365516,0.018952096,0.017055096,0.015752982,0.015085673,0.01493892,0.015159931,0.015595913,0.016091878,0.016484055,0.016606476,0.016293175,0.01544483,0.014228704,0.012878705,0.011628742,0.010659823,0.009941362,0.009389873,0.00892187
0.008929077,0.009349511,0.00987524,0.010611558,0.01166376,0.013072705,0.014621503,0.016028833,0.017013368,0.017371212,0.017208167,0.016707465,0.016052334,0.015436234,0.015093538,0.01526885,0.016206772,0.018054472,0.02056937,0.02341145,0.026240698,0.02883355,0.031432253,0.034395506,0.038082009,0.042740445,0.048179444,0.05409762,0.060193589,0.06624841,0.072372931,0.078760446,0.085604248,0.092962338,0.10035155,0.107153425,0.112749505,0.116585651,0.118365004,0.117855024,0.114823171,0.109236563,0.101860942,0.093661704,0.085604248,0.078436681,0.072037946,0.066069697,0.060193589,0.054184373,0.048269203,0.042788331,0.038082009,0.034372261,0.031408202,0.028820719,0.026240698,0.023417679,0.020575814,0.01805791,0.016206772,0.015267181,0.015091811,0.015435312,0.016052334,0.016707912,0.01720863,0.017371459,0.017013368,0.016028712,0.014621377,0.013072636,0.01166376,0.010611595,0.009875282,0.009349537,0.008929077
0.009165618,0.009505797,0.009971556,0.010688477,0.011782141,0.013303712,0.015006691,0.016570163,0.017673212,0.018081008,0.017903053,0.017334934,0.016572239,0.015827504,0.015381068,0.015530217,0.016572239,0.0186772,0.021506274,0.024593414,0.027472571,0.029846206,0.032090808,0.034751374,0.038372903,0.043341996,0.049411671,0.056176552,0.063231261,0.070281003,0.077473307,0.085066284,0.093318044,0.102308594,0.111405525,0.119798325,0.126676483,0.13132371,0.133400614,0.132662025,0.128862774,0.121994603,0.112996894,0.103045944,0.093318044,0.084724934,0.077120128,0.070092584,0.063231261,0.056268016,0.049506305,0.043392482,0.038372903,0.034726866,0.03206545,0.029832678,0.027472571,0.024599981,0.021513069,0.018680825,0.016572239,0.015528457,0.015379247,0.015826533,0.016572239,0.017335406,0.017903541,0.018081269,0.017673212,0.016570035,0.015006558,0.01330364,0.011782141,0.010688516,0.009971601,0.009505824,0.009165618
0.009691285,0.009905982,0.010263283,0.01090579,0.011976107,0.013535276,0.015318093,0.016977792,0.018167606,0.018632016,0.018480483,0.017913714,0.017132415,0.016351874,0.015845695,0.015902064,0.016809165,0.018744727,0.021444645,0.024534359,0.027639309,0.030510763,0.033403306,0.036697352,0.040773316,0.045921978,0.052075581,0.059076734,0.066768045,0.075030646,0.083899753,0.093449107,0.103752445,0.114719291,0.125602304,0.135489925,0.143470596,0.148747708,0.150984432,0.14995889,0.145449203,0.137477569,0.127042503,0.115386597,0.103752445,0.093140183,0.083580124,0.074860125,0.066768045,0.059159509,0.052161225,0.045967669,0.040773316,0.036675172,0.033380357,0.03049852,0.027639309,0.024540302,0.021450794,0.018748007,0.016809165,0.015900472,0.015844048,0.016350995,0.017132415,0.017914141,0.018480925,0.018632252,0.018167606,0.016977676,0.015317973,0.013535211,0.011976107,0.010905825,0.010263323,0.009906007,0.009691285
0.010399577,0.010470479,0.01069421,0.011223595,0.012211463,0.013726137,0.015497923,0.017172624,0.018396042,0.018906122,0.018809365,0.018304419,0.017589928,0.016870368,0.016373549,0.016333111,0.016982695,0.018493625,0.020787957,0.02372543,0.027165782,0.030991093,0.035172809,0.039704716,0.044580599,0.049846818,0.055760029,0.062629459,0.070764337,0.080378152,0.091301437,0.103268988,0.116015598,0.129160745,0.141862642,0.153164183,0.162108264,0.167869481,0.170149225,0.168780589,0.163596664,0.154659381,0.142946026,0.129662724,0.116015598,0.103036601,0.091060997,0.080249878,0.070764337,0.062691727,0.055824455,0.049881189,0.044580599,0.039688031,0.035155547,0.030981884,0.027165782,0.0237299,0.020792583,0.018496093,0.016982695,0.016331913,0.016372309,0.016869707,0.017589928,0.01830474,0.018809698,0.018906299,0.018396042,0.017172537,0.015497832,0.013726087,0.012211463,0.011223622,0.01069424,0.010470498,0.010399577
0.011142418,0.011087985,0.011185824,0.011588207,0.012447408,0.013833843,0.015490516,0.017078573,0.018259162,0.018781589,0.018747792,0.018347867,0.01777191,0.017204934,0.016811614,0.016751542,0.017184311,0.018263508,0.020118705,0.022873473,0.02665138,0.031485201,0.037044538,0.042908197,0.048654987,0.054066736,0.059737356,0.066463783,0.075042951,0.086035749,0.099058885,0.11349302,0.128718817,0.144053395,0.158559698,0.171237127,0.181085083,0.18725477,0.18950461,0.187744828,0.181885648,0.172041349,0.159142418,0.144323394,0.128718817,0.113368026,0.098929559,0.085966755,0.075042951,0.066497275,0.059772009,0.054085223,0.048654987,0.042899223,0.037035253,0.031480248,0.02665138,0.022875878,0.020121193,0.018264835,0.017184311,0.016750898,0.016810947,0.017204578,0.01777191,0.018348039,0.01874797,0.018781684,0.018259162,0.017078526,0.015490467,0.013833817,0.012447408,0.011588221,0.01118584,0.011087995,0.011142418
0.011771736,0.011647195,0.01165961,0.01194594,0.01264314,0.013815946,0.015240208,0.016619551,0.017657604,0.018136682,0.018153853,0.017884872,0.017505497,0.017177519,0.017006877,0.017085545,0.017505497,0.018393987,0.020019384,0.022685337,0.026695493,0.032191089,0.03866371,0.045442528,0.051856717,0.057531949,0.063279905,0.070208763,0.079426704,0.091715666,0.10655262,0.123088294,0.140473417,0.157817681,0.174066633,0.188124785,0.198896648,0.205469315,0.207660204,0.205469315,0.198896648,0.188124785,0.174066633,0.157817681,0.140473417,0.123088294,0.10655262,0.091715666,0.079426704,0.070208763,0.063279905,0.057531949,0.051856717,0.045442528,0.03866371,0.032191089,0.026695493,0.022685337,0.020019384,0.018393987,0.017505497,0.017085545,0.017006877,0.017177519,0.017505497,0.017884872,0.018153853,0.018136682,0.017657604,0.016619551,0.015240208,0.013815946,0.01264314,0.01194594,0.01165961,0.011647195,0.011771736
0.012164134,0.012052112,0.012044952,0.012247514,0.01276466,0.013646228,0.014721972,0.015766623,0.016554912,0.016925094,0.016969528,0.016844095,0.016704679,0.016689729,0.016867964,0.01729067,0.018009135,0.019119144,0.020894482,0.023653433,0.027714282,0.03323926,0.039766396,0.046677664,0.053355041,0.059467199,0.065829595,0.073544383,0.083713717,0.097113499,0.113214622,0.131161725,0.15009945,0.169102583,0.186966495,0.202416701,0.214178719,0.221205194,0.223357282,0.220723268,0.213391438,0.201625824,0.186393444,0.168837064,0.15009945,0.131284645,0.113341801,0.097181349,0.083713717,0.073511447,0.065795517,0.059449019,0.053355041,0.04668649,0.039775527,0.033244132,0.027714282,0.023651069,0.020892036,0.019117839,0.018009135,0.017291304,0.016868619,0.016690079,0.016704679,0.016843925,0.016969352,0.016925,0.016554912,0.015766669,0.01472202,0.013646254,0.01276466,0.0122475,0.012044936,0.012052102,0.012164134
0.012294933,0.012267971,0.012302817,0.012461279,0.012805166,0.013363396,0.014033335,0.014679456,0.015166236,0.015402233,0.015472349,0.015505567,0.015630871,0.015961793,0.016550057,0.017431936,0.018643702,0.020250938,0.022436472,0.025412443,0.029390992,0.034490218,0.040452069,0.046924453,0.05355528,0.060195304,0.067506665,0.07635435,0.087603345,0.10185832,0.118682681,0.13737952,0.157251927,0.177471253,0.19668189,0.213396492,0.226127712,0.233659846,0.235863757,0.23288195,0.224856928,0.212119903,0.195756904,0.177042667,0.157251927,0.137577931,0.118887967,0.101967838,0.087603345,0.076301186,0.067451659,0.060165959,0.05355528,0.046938699,0.040466808,0.034498081,0.029390992,0.025408626,0.022432523,0.020248831,0.018643702,0.017432959,0.016551116,0.015962357,0.015630871,0.015505292,0.015472065,0.015402082,0.015166236,0.01467953,0.014033412,0.013363438,0.012805166,0.012461257,0.012302791,0.012267955,0.012294933
0.012164134,0.012275311,0.01240207,0.012559992,0.01276466,0.013022391,0.013302457,0.013564867,0.013769627,0.013898935,0.014023735,0.01423716,0.014632342,0.015293598,0.01626998,0.017601726,0.019329072,0.021495794,0.024159819,0.027382612,0.031225639,0.035736965,0.040911053,0.046728967,0.05317177,0.060313604,0.068600933,0.0785733,0.090770248,0.105562568,0.122646044,0.141547709,0.161794596,0.18271538,0.202845313,0.22052129,0.234080205,0.242157051,0.244579202,0.241472131,0.232961311,0.219397284,0.202030886,0.182338021,0.161794596,0.141722405,0.122826793,0.105658996,0.090770248,0.07852649,0.068552501,0.060287766,0.05317177,0.04674151,0.040924031,0.035743888,0.031225639,0.027379252,0.024156342,0.021493939,0.019329072,0.017602627,0.016270912,0.015294095,0.014632342,0.014236919,0.014023485,0.013898802,0.013769627,0.013564932,0.013302525,0.013022428,0.01276466,0.012559973,0.012402047,0.012275297,0.012164134
0.011771736,0.012054673,0.012311576,0.01251641,0.01264314,0.012678151,0.012657503,0.012629673,0.01264314,0.012746036,0.012985106,0.013406749,0.014057364,0.014985031,0.016244555,0.017892423,0.019985121,0.02256014,0.025578991,0.028984186,0.032718241,0.036772505,0.041333674,0.046637277,0.052918846,0.060419438,0.069402216,0.080135869,0.092889088,0.107838684,0.124793955,0.143472322,0.163591205,0.184626657,0.20508926,0.223248229,0.237372778,0.246020586,0.248903189,0.246020586,0.237372778,0.223248229,0.20508926,0.184626657,0.163591205,0.143472322,0.124793955,0.107838684,0.092889088,0.080135869,0.069402216,0.060419438,0.052918846,0.046637277,0.041333674,0.036772505,0.032718241,0.028984186,0.025578991,0.02256014,0.019985121,0.017892423,0.016244555,0.014985031,0.014057364,0.013406749,0.012985106,0.012746036,0.01264314,0.012629673,0.012657503,0.012678151,0.01264314,0.01251641,0.012311576,0.012054673,0.011771736
0.011142418,0.01161047,0.012021799,0.012319686,0.012447408,0.012377469,0.012199278,0.01203147,0.01199268,0.012180168,0.012605695,0.01325965,0.014132419,0.015228739,0.016610742,0.018354906,0.020537713,0.023208662,0.026309331,0.029754318,0.033458221,0.037400151,0.041817268,0.047011245,0.053283756,0.060912831,0.070081932,0.080950877,0.093679486,0.108367859,0.124877223,0.143009084,0.162564951,0.183105022,0.203224256,0.221276302,0.23561481,0.244826522,0.248430559,0.246179131,0.237824452,0.223496037,0.204832623,0.183850248,0.162564951,0.142664088,0.124520271,0.108177428,0.093679486,0.081043319,0.070177577,0.060963857,0.053283756,0.046986475,0.04179164,0.037386478,0.033458221,0.029760955,0.026316198,0.023212325,0.020537713,0.018353128,0.016608902,0.015227758,0.014132419,0.013260127,0.012606189,0.012180432,0.01199268,0.012031341,0.012199143,0.012377396,0.012447408,0.012319725,0.012021844,0.011610498,0.011142418
0.010399577,0.011042603,0.011609608,0.012024569,0.012211463,0.012134545,0.011919169,0.011730969,0.011735574,0.01206115,0.012685997,0.013550948,0.014596839,0.015788412,0.017186048,0.018874039,0.020936676,0.023439079,0.026369692,0.029697786,0.033392634,0.03746445,0.042087225,0.047475892,0.053845384,0.061404549,0.070337903,0.080823877,0.093040901,0.107106292,0.122892912,0.140212506,0.158876823,0.178483399,0.197772939,0.215271935,0.229506881,0.239160101,0.243537239,0.242099771,0.23430917,0.22009616,0.201268457,0.180103023,0.158876823,0.139462715,0.122117137,0.106692421,0.093040901,0.081024783,0.070545772,0.061515446,0.053845384,0.047422059,0.042031527,0.037434736,0.033392634,0.029712211,0.026384617,0.023447042,0.020936676,0.018870174,0.017182049,0.015786278,0.014596839,0.013551985,0.01268707,0.012061723,0.011735574,0.011730688,0.011918877,0.012134386,0.012211463,0.012024654,0.011609706,0.011042664,0.010399577
0.009691285,0.010474849,0.011173469,0.011702203,0.011976107,0.011955432,0.011781207,0.011639655,0.011717,0.012154596,0.012914318,0.013913173,0.015068167,0.016320496,0.017708118,0.019293179,0.021137826,0.023307373,0.025879806,0.028936277,0.032557941,0.036820261,0.04177595,0.04747203,0.053955524,0.061308044,0.069749554,0.079534605,0.09091775,0.104078931,0.118899649,0.135186794,0.152747256,0.171202961,0.189435979,0.206143415,0.220022373,0.229858853,0.234794425,0.234059552,0.226884698,0.213037086,0.194430967,0.173517353,0.152747256,0.134115365,0.11779109,0.103487522,0.09091775,0.079821693,0.070046591,0.061466512,0.053955524,0.047395105,0.041696359,0.0367778,0.032557941,0.028956889,0.025901132,0.023318751,0.021137826,0.019287656,0.017702403,0.016317447,0.015068167,0.013914654,0.012915851,0.012155415,0.011717,0.011639255,0.011780789,0.011955206,0.011976107,0.011702325,0.011173609,0.010474936,0.009691285
0.009165618,0.010030981,0.010811851,0.011423736,0.011782141,0.011846184,0.011749422,0.011669019,0.011782141,0.012226122,0.012978968,0.013978851,0.015163946,0.016481443,0.017914598,0.019455686,0.021096982,0.022869523,0.024959402,0.027591476,0.030990604,0.035322442,0.040515845,0.04644047,0.052965973,0.060036768,0.067896306,0.076862797,0.087254451,0.099310725,0.112956062,0.128036153,0.144396686,0.161704878,0.178914044,0.194799027,0.208134668,0.217760312,0.222773312,0.222335524,0.215608803,0.202307302,0.18435436,0.164225609,0.144396686,0.1268692,0.11174867,0.098666589,0.087254451,0.077175481,0.068219825,0.060209364,0.052965973,0.046356687,0.040429158,0.035276195,0.030990604,0.027613926,0.024982629,0.022881915,0.021096982,0.019449671,0.017908374,0.016478122,0.015163946,0.013980464,0.012980638,0.012227014,0.011782141,0.011668582,0.011748966,0.011845938,0.011782141,0.011423868,0.010812003,0.010031076,0.009165618
0.008929077,0.0098036,0.010601782,0.011247282,0.01166376,0.011810739,0.011791194,0.011743966,0.011807895,0.012100996,0.012657985,0.013492754,0.014619194,0.016026978,0.017608902,0.019233543,0.020769478,0.022169501,0.023723273,0.02580467,0.028787568,0.032940446,0.038110186,0.044038273,0.05046619,0.05723132,0.064554636,0.07275301,0.082143313,0.092983722,0.105297643,0.119049785,0.134204859,0.150517699,0.166903634,0.182068117,0.194716601,0.203656671,0.208104445,0.207378171,0.200796099,0.188175385,0.171328813,0.152568074,0.134204859,0.118100581,0.104315544,0.092459779,0.082143313,0.073007349,0.064817789,0.05737171,0.05046619,0.043970123,0.038039675,0.032902829,0.028787568,0.025822931,0.023742167,0.022179581,0.020769478,0.019228649,0.017603839,0.016024277,0.014619194,0.013494066,0.012659343,0.012101721,0.011807895,0.011743611,0.011790824,0.011810538,0.01166376,0.01124739,0.010601905,0.009803677,0.008929077
0.00892187,0.009760604,0.010534532,0.011178847,0.011628742,0.011844569,0.011887304,0.011843082,0.011798038,0.011843096,0.012088334,0.012648621,0.013638825,0.015109948,0.016857526,0.018613226,0.020108717,0.021203257,0.022266464,0.023795546,0.02628771,0.030102117,0.035045737,0.040787491,0.046996302,0.053440898,0.060289237,0.067809086,0.076268208,0.08590837,0.096867338,0.109256877,0.123188756,0.138519487,0.154084575,0.168464271,0.180238826,0.188158772,0.19165576,0.190331723,0.183788591,0.172030251,0.156668399,0.139716684,0.123188756,0.108702645,0.096293899,0.085602444,0.076268208,0.067957592,0.06044289,0.053522871,0.046996302,0.040747699,0.035004566,0.030080153,0.02628771,0.023806208,0.022277496,0.021209142,0.020108717,0.018610369,0.01685457,0.015108371,0.013638825,0.012649387,0.012089127,0.011843519,0.011798038,0.011842875,0.011887088,0.011844451,0.011628742,0.01117891,0.010534604,0.009760649,0.00892187
0.009042631,0.009838717,0.010579932,0.011211402,0.011678257,0.011941031,0.012021882,0.011958372,0.011788067,0.011575954,0.011496708,0.011752432,0.012545226,0.013982479,0.015792738,0.01760984,0.019067621,0.019954731,0.02067908,0.021803391,0.023890388,0.027349895,0.031980134,0.037426428,0.0433341,0.049441846,0.055861855,0.062799686,0.0704609,0.079052213,0.088784956,0.099871612,0.112524668,0.126675683,0.141132525,0.154422134,0.165071452,0.171832116,0.174354543,0.172513846,0.166185136,0.155540905,0.141943159,0.127051285,0.112524668,0.09969773,0.088605048,0.078956234,0.0704609,0.062846277,0.055910061,0.049467564,0.0433341,0.037413943,0.031967217,0.027343004,0.023890388,0.021806737,0.020682541,0.019956578,0.019067621,0.017608944,0.015791811,0.013981984,0.012545226,0.011752672,0.011496957,0.011576086,0.011788067,0.011958307,0.012021814,0.011940994,0.011678257,0.011211422,0.010579954,0.009838731,0.009042631
0.009189996,0.009974664,0.010707812,0.011337923,0.011813478,0.012093484,0.012179057,0.012081841,0.011813478,0.011423101,0.011109804,0.01111017,0.011660784,0.012896694,0.014546805,0.016238487,0.01759911,0.018407865,0.019051228,0.020067495,0.021994963,0.025226218,0.029571011,0.034693384,0.040257376,0.04601051,0.052034233,0.058493472,0.065553153,0.073382799,0.082170307,0.092108171,0.103388884,0.115951727,0.12872314,0.14037635,0.149584586,0.155242205,0.157128078,0.155242205,0.149584586,0.14037635,0.12872314,0.115951727,0.103388884,0.092108171,0.082170307,0.073382799,0.065553153,0.058493472,0.052034233,0.04601051,0.040257376,0.034693384,0.029571011,0.025226218,0.021994963,0.020067495,0.019051228,0.018407865,0.01759911,0.016238487,0.014546805,0.012896694,0.011660784,0.01111017,0.011109804,0.011423101,0.011813478,0.012081841,0.012179057,0.012093484,0.011813478,0.011337923,0.010707812,0.009974664,0.009189996
0.009281036,0.010108319,0.010877938,0.01153223,0.01201353,0.012277241,0.012331024,0.012195608,0.011891721,0.011468625,0.011089726,0.010946967,0.011232288,0.012063151,0.013259102,0.01456521,0.015726539,0.016598314,0.017476377,0.018766728,0.020875365,0.024093802,0.028255613,0.033079884,0.038285703,0.043666828,0.049315702,0.055399436,0.062085145,0.069513614,0.077720324,0.086714429,0.096505081,0.106949259,0.117295227,0.126639075,0.134076892,0.138836234,0.140670517,0.139464625,0.135103442,0.127670314,0.118042437,0.107295473,0.096505081,0.086554151,0.077554492,0.069425144,0.062085145,0.055442382,0.049360136,0.043690534,0.038285703,0.033068377,0.028243707,0.024087451,0.020875365,0.018769811,0.017479567,0.016600016,0.015726539,0.014564383,0.013258248,0.012062695,0.011232288,0.010947188,0.011089956,0.011468747,0.011891721,0.012195548,0.012330962,0.012277207,0.01201353,0.011532248,0.010877959,0.010108332,0.009281036
0.009306571,0.010192168,0.011009806,0.011691523,0.012169361,0.012395442,0.012402225,0.012242252,0.011968065,0.011638832,0.01134023,0.01116456,0.011204126,0.011526139,0.01209745,0.012859817,0.013755,0.014768581,0.016061442,0.017838284,0.020303813,0.023596464,0.027589608,0.032090346,0.036905779,0.041905108,0.047205917,0.052987891,0.059430713,0.066641915,0.074440425,0.08257302,0.09078648,0.098814716,0.106340192,0.113032506,0.118561255,0.122588167,0.12474348,0.124649563,0.121928784,0.116415417,0.108791368,0.099950451,0.09078648,0.082047241,0.073896425,0.066351694,0.059430713,0.053128774,0.047351682,0.041982872,0.036905779,0.032052596,0.027550551,0.023575628,0.020303813,0.017848399,0.016071907,0.014774165,0.013755,0.012857107,0.012094645,0.011524643,0.011204126,0.011165287,0.011340982,0.011639234,0.011968065,0.012242056,0.01240202,0.012395331,0.012169361,0.011691583,0.011009874,0.010192211,0.009306571
0.009275857,0.010181848,0.011012844,0.01169385,0.01214987,0.012333184,0.012305166,0.012154467,0.011969737,0.011820586,0.011700478,0.011583837,0.011445087,0.011288379,0.011236774,0.011443058,0.012060017,0.013212886,0.014916701,0.017158943,0.019927098,0.023198296,0.026908272,0.030982407,0.035346083,0.039963249,0.04495212,0.05046948,0.05667211,0.063610898,0.070913149,0.078100274,0.084693684,0.090330738,0.095112592,0.099256349,0.102979114,0.106353661,0.108875456,0.109895636,0.108765337,0.105069004,0.099324302,0.092282204,0.084693684,0.077196859,0.069978426,0.063112229,0.05667211,0.05071155,0.045202579,0.040096867,0.035346083,0.030917544,0.026841162,0.023162493,0.019927098,0.017176323,0.014934683,0.01322248,0.012060017,0.011438401,0.011231956,0.011285808,0.011445087,0.011585085,0.011701771,0.011821277,0.011969737,0.01215413,0.012304814,0.012332993,0.01214987,0.011693953,0.011012962,0.010181922,0.009275857
0.00919815,0.010032995,0.010796483,0.011417257,0.01182396,0.011975563,0.011952353,0.011864947,0.01182396,0.011900749,0.012009637,0.012025686,0.01182396,0.011352593,0.010852004,0.010635682,0.011017115,0.012225446,0.014152433,0.016605484,0.01939201,0.02236339,0.025546881,0.029013706,0.032835092,0.037079152,0.041801551,0.047054845,0.052891589,0.059263761,0.065721036,0.071712516,0.076687299,0.080279962,0.082866982,0.085010313,0.087271908,0.089988374,0.092594932,0.094301459,0.094317829,0.092088419,0.087995607,0.082656274,0.076687299,0.070612421,0.064582819,0.058656529,0.052891589,0.047349615,0.042106536,0.037241859,0.032835092,0.028934723,0.02546516,0.022319793,0.01939201,0.016626647,0.01417433,0.012237128,0.011017115,0.010630011,0.010846137,0.011349463,0.01182396,0.012027206,0.012011211,0.01190159,0.01182396,0.011864536,0.011951924,0.01197533,0.01182396,0.011417383,0.010796627,0.010033085,0.00919815
0.009078685,0.009718476,0.010306021,0.010789074,0.011115389,0.011258933,0.011298518,0.011339172,0.01148592,0.011796681,0.012140946,0.012341096,0.012219515,0.011690894,0.01103915,0.010640513,0.010871207,0.011995511,0.013829896,0.016078886,0.018447003,0.020727571,0.023069118,0.025708973,0.028884465,0.032767003,0.037264305,0.042218171,0.047470399,0.052823612,0.057923727,0.062377488,0.065791636,0.067935117,0.069225677,0.070243264,0.071567829,0.073565381,0.075746183,0.077406561,0.077842838,0.076546937,0.073793166,0.070051431,0.065791636,0.061397757,0.056910045,0.052282819,0.047470399,0.042480689,0.037535921,0.032911908,0.028884465,0.025638631,0.022996338,0.020688744,0.018447003,0.016097734,0.013849397,0.012005915,0.010871207,0.010635462,0.011033925,0.011688105,0.012219515,0.01234245,0.012142348,0.01179743,0.01148592,0.011338805,0.011298136,0.011258726,0.011115389,0.010789186,0.010306148,0.009718556,0.009078685
0.008906605,0.009280073,0.009630228,0.009933759,0.010167353,0.010324675,0.010467297,0.010673769,0.011022641,0.011547732,0.012103946,0.012501459,0.012550445,0.012152957,0.011578554,0.011188675,0.011344758,0.012292454,0.013814273,0.01557694,0.017247178,0.018613591,0.019952297,0.021661293,0.024138577,0.027646133,0.031901901,0.036487809,0.040985784,0.045033206,0.048489261,0.051268589,0.053285828,0.054529296,0.055282021,0.05590071,0.05674207,0.058027433,0.059436632,0.060514122,0.060804363,0.059981559,0.058238906,0.055899348,0.053285828,0.050634335,0.047833027,0.044683109,0.040985784,0.036657757,0.032077738,0.027739941,0.024138577,0.021615756,0.019905182,0.018588455,0.017247178,0.015589141,0.013826898,0.012299189,0.011344758,0.011185406,0.011575171,0.012151152,0.012550445,0.012502336,0.012104854,0.011548216,0.011022641,0.010673532,0.01046705,0.010324541,0.010167353,0.009933831,0.00963031,0.009280124,0.008906605
0.008667033,0.008776798,0.008893743,0.009025051,0.009177902,0.009365427,0.009624552,0.009998154,0.010529107,0.011223748,0.011942255,0.012508267,0.012745422,0.01255785,0.012171639,0.011893369,0.012029617,0.01278068,0.013921726,0.015121637,0.016049299,0.016515937,0.016902141,0.017730845,0.01952498,0.022612159,0.026538713,0.030655651,0.034313983,0.037015208,0.038862778,0.040110633,0.041012713,0.041785685,0.04249712,0.043177319,0.043856579,0.044534701,0.045089485,0.045368236,0.045218255,0.044545214,0.043488265,0.042244924,0.041012713,0.039898032,0.038642809,0.036897856,0.034313983,0.030712617,0.026597653,0.022643604,0.01952498,0.017715581,0.016886348,0.016507511,0.016049299,0.015125727,0.013925958,0.012782938,0.012029617,0.011892273,0.012170505,0.012557245,0.012745422,0.012508561,0.011942559,0.01122391,0.010529107,0.009998074,0.00962447,0.009365382,0.009177902,0.009025075,0.008893771,0.008776815,0.008667033
0.008345091,0.008267663,0.008221206,0.008236692,0.008345091,0.008573829,0.008936147,0.009441739,0.010100302,0.010894576,0.011699488,0.012363012,0.01273312,0.012724642,0.012519831,0.012367793,0.012517636,0.013124596,0.013968417,0.014734971,0.01511013,0.014929093,0.014624371,0.014777804,0.015971229,0.018560699,0.021999114,0.025513589,0.028331237,0.029892285,0.030489418,0.030628433,0.030815128,0.031427467,0.032332078,0.033267758,0.033973301,0.034247352,0.034127953,0.033712994,0.033100365,0.032390834,0.03169668,0.03113306,0.030815128,0.030764727,0.030630435,0.029967517,0.028331237,0.02547707,0.021961329,0.018540541,0.015971229,0.014787589,0.014634496,0.014934494,0.01511013,0.014732349,0.013965704,0.013123149,0.012517636,0.012368495,0.012520558,0.01272503,0.01273312,0.012362823,0.011699293,0.010894472,0.010100302,0.00944179,0.0089362,0.008573858,0.008345091,0.008236676,0.008221188,0.008267652,0.008345091
0.007939483,0.00780478,0.007711905,0.007702683,0.007818943,0.008093592,0.00852386,0.00909806,0.009804502,0.010611935,0.011410852,0.012072185,0.012466865,0.012523687,0.01240291,0.012322654,0.012501043,0.013069437,0.013812156,0.014426756,0.014610794,0.014204824,0.013621381,0.013415995,0.014144197,0.016146194,0.018900891,0.02167187,0.023722712,0.024536809,0.024476787,0.024125086,0.024064143,0.024710922,0.025820495,0.026982461,0.027786419,0.027926065,0.027511488,0.026756874,0.025876412,0.025063729,0.024430228,0.024066751,0.024064143,0.024423299,0.024785335,0.024701417,0.023722712,0.021591964,0.018818216,0.016102087,0.014144197,0.013437406,0.013643534,0.014216643,0.014610794,0.014421019,0.01380622,0.013066271,0.012501043,0.012324191,0.0124045,0.012524536,0.012466865,0.012071773,0.011410425,0.010611707,0.009804502,0.009098171,0.008523977,0.008093655,0.007818943,0.007702649,0.007711866,0.007804756,0.007939483
0.007503246,0.007412661,0.007363723,0.007398077,0.00755737,0.007872722,0.008333146,0.008917125,0.009603147,0.010355028,0.011077913,0.011662278,0.0119986,0.012030488,0.011914092,0.011858692,0.01207357,0.012683765,0.013477334,0.014158093,0.014429855,0.01412401,0.013582249,0.013273837,0.013668039,0.015058388,0.017035473,0.019014152,0.020409281,0.020819971,0.020582355,0.020216819,0.02024375,0.021024709,0.022285957,0.02359493,0.024519064,0.024733539,0.024344513,0.023565892,0.02261158,0.021678733,0.020897527,0.02038139,0.02024375,0.020514639,0.020890496,0.020984362,0.020409281,0.018934351,0.016952907,0.015014339,0.013668039,0.013295219,0.013604372,0.014135813,0.014429855,0.014152364,0.013471406,0.012680602,0.01207357,0.011860227,0.01191568,0.012031336,0.0119986,0.011661867,0.011077487,0.0103548,0.009603147,0.008917237,0.008333262,0.007872785,0.00755737,0.007398043,0.007363684,0.007412637,0.007503246
0.007102999,0.007108917,0.007149193,0.007258186,0.007470256,0.007810301,0.008265373,0.008813065,0.009430968,0.010084932,0.010693827,0.011164781,0.011404921,0.011371835,0.01122495,0.011174152,0.011429328,0.012116971,0.013029991,0.013877907,0.014370236,0.01432481,0.013992726,0.013733395,0.013906229,0.014745848,0.015987701,0.017242446,0.01812074,0.018362673,0.01822606,0.018098145,0.018366175,0.019290584,0.020624548,0.021994433,0.023026604,0.023432981,0.023267698,0.022670448,0.021780919,0.020743058,0.019717831,0.018870463,0.018366175,0.018292636,0.018427291,0.018470029,0.01812074,0.017190332,0.015933781,0.014717082,0.013906229,0.013747359,0.014007174,0.014332518,0.014370236,0.013874166,0.01302612,0.012114905,0.011429328,0.011175154,0.011225987,0.011372389,0.011404921,0.011164512,0.010693548,0.010084783,0.009430968,0.008813137,0.008265449,0.007810342,0.007470256,0.007258164,0.007149167,0.007108901,0.007102999
0.006805363,0.006911158,0.007040847,0.007218325,0.007467485,0.007805407,0.008221913,0.008700007,0.009222697,0.009762721,0.010251749,0.010611183,0.010762425,0.010674517,0.010507056,0.01046728,0.010762425,0.011518446,0.012536165,0.013535123,0.01423486,0.014445383,0.014338562,0.014176736,0.014222241,0.014657142,0.015342415,0.016058763,0.016586888,0.016785813,0.016827836,0.016963574,0.017443643,0.018430299,0.019732348,0.021070236,0.022164407,0.022787598,0.022921711,0.022600941,0.021859481,0.020763917,0.019510397,0.018327459,0.017443643,0.017011182,0.016877095,0.016812092,0.016586888,0.016046006,0.015329216,0.014650101,0.014222241,0.014180154,0.014342099,0.01444727,0.01423486,0.013534207,0.012535217,0.01151794,0.010762425,0.010467525,0.01050731,0.010674652,0.010762425,0.010611117,0.010251681,0.009762685,0.009222697,0.008700025,0.008221931,0.007805417,0.007467485,0.007218319,0.007040841,0.006911154,0.006805363
0.006658802,0.006828912,0.007012517,0.007223115,0.0074742,0.00777575,0.00812367,0.008510347,0.008928166,0.009359752,0.009748678,0.010028752,0.010133785,0.01004052,0.009897438,0.009895952,0.010227475,0.011007781,0.012050072,0.013091913,0.013870864,0.014202613,0.014215337,0.014115338,0.014108916,0.014346394,0.014754178,0.015202694,0.015562369,0.015752585,0.015888549,0.016134423,0.01665437,0.017553834,0.018703374,0.019914831,0.021000045,0.021790963,0.022199962,0.022159523,0.02160213,0.020519666,0.019141623,0.017756894,0.01665437,0.016040418,0.015791286,0.015700696,0.015562369,0.015227883,0.01478024,0.014360298,0.014108916,0.014108588,0.014208354,0.014198888,0.013870864,0.013093721,0.012051944,0.011008779,0.010227475,0.009895467,0.009896936,0.010040253,0.010133785,0.010028882,0.009748812,0.009359824,0.008928166,0.008510312,0.008123633,0.00777573,0.0074742,0.007223125,0.00701253,0.006828919,0.006658802
0.006639163,0.006839363,0.007043225,0.007254412,0.007476584,0.007713549,0.00796969,0.008249536,0.008557615,0.008888505,0.00919698,0.009427863,0.009525979,0.009472617,0.009394936,0.009456559,0.009821112,0.010585362,0.011578647,0.012563447,0.013302244,0.013628292,0.013657944,0.013578326,0.013576563,0.013789948,0.014156437,0.014564152,0.014901215,0.01509536,0.015232768,0.015439233,0.015840548,0.016524066,0.01742337,0.018433602,0.019449906,0.020358116,0.021006835,0.021235359,0.020882983,0.019873226,0.018466486,0.017007386,0.015840548,0.015215483,0.015001265,0.014971854,0.014901215,0.014624106,0.014218469,0.013823042,0.013576563,0.013562261,0.013641323,0.013619425,0.013302244,0.012567751,0.0115831,0.010587738,0.009821112,0.009455406,0.009393742,0.00947198,0.009525979,0.009428172,0.0091973,0.008888676,0.008557615,0.008249452,0.007969603,0.007713501,0.007476584,0.007254437,0.007043255,0.006839382,0.006639163
0.006704139,0.006911614,0.007113292,0.00730338,0.007476081,0.007629651,0.007778551,0.007941291,0.008136383,0.008371738,0.008612864,0.008814669,0.008932062,0.008948777,0.008963844,0.009105124,0.009500474,0.010221774,0.011116998,0.011978144,0.012597206,0.012832937,0.012811106,0.012724238,0.012764859,0.013069704,0.01355236,0.014070627,0.014482304,0.014688803,0.014765991,0.01483335,0.015010359,0.015392095,0.015976012,0.016735158,0.017642583,0.018634459,0.019499455,0.019989363,0.019855973,0.018958659,0.017587107,0.016138585,0.015010359,0.014487769,0.014408434,0.014498049,0.014482304,0.014163226,0.013648167,0.013120816,0.012764859,0.012699427,0.012785435,0.012819241,0.012597206,0.011984792,0.011123877,0.010225444,0.009500474,0.009103343,0.008962001,0.008947793,0.008932062,0.008815147,0.008613358,0.008372002,0.008136383,0.007941162,0.007778416,0.007629578,0.007476081,0.007303419,0.007113337,0.006911642,0.006704139
0.006811423,0.007014763,0.007203039,0.007361184,0.007474135,0.007534906,0.007568833,0.007609329,0.007689811,0.007832211,0.008012539,0.008195323,0.008345091,0.008446967,0.008568458,0.008797667,0.009222697,0.009887601,0.010660239,0.011364422,0.01182396,0.011927064,0.011819545,0.011711613,0.011813478,0.01226756,0.012945115,0.013649611,0.014184515,0.014407581,0.014393717,0.014272121,0.014171987,0.014209023,0.014444977,0.014928105,0.015706667,0.016765398,0.017834949,0.018582451,0.018675032,0.017910029,0.016605607,0.015210136,0.014171987,0.013808664,0.0139142,0.014151761,0.014184515,0.013773794,0.013073602,0.012336106,0.011813478,0.011678338,0.011785118,0.011908697,0.01182396,0.011373338,0.010669464,0.009892523,0.009222697,0.008795278,0.008565986,0.008445648,0.008345091,0.008195964,0.008013202,0.007832565,0.007689811,0.007609156,0.007568652,0.007534808,0.007474135,0.007361237,0.007203099,0.007014801,0.006811423
0.006811423,0.007014763,0.007203039,0.007361184,0.007474135,0.007534906,0.007568833,0.007609329,0.007689811,0.007832211,0.008012539,0.008195323,0.008345091,0.008446967,0.008568458,0.008797667,0.009222697,0.009887601,0.010660239,0.011364422,0.01182396,0.011927064,0.011819545,0.011711613,0.011813478,0.01226756,0.012945115,0.013649611,0.014184515,0.014407581,0.014393717,0.014272121,0.014171987,0.014209023,0.014444977,0.014928105,0.015706667,0.016765398,0.017834949,0.018582451,0.018675032,0.017910029,0.016605607,0.015210136,0.014171987,0.013808664,0.0139142,0.014151761,0.014184515,0.013773794,0.013073602,0.012336106,0.011813478,0.011678338,0.011785118,0.011908697,0.01182396,0.011373338,0.010669464,0.009892523,0.009222697,0.008795278,0.008565986,0.008445648,0.008345091,0.008195964,0.008013202,0.007832565,0.007689811,0.007609156,0.007568652,0.007534808,0.007474135,0.007361237,0.007203099,0.007014801,0.006811423
0.006811423,0.007014763,0.007203039,0.007361184,0.007474135,0.007534906,0.007568833,0.007609329,0.007689811,0.007832211,0.008012539,0.008195323,0.008345091,0.008446967,0.008568458,0.008797667,0.009222697,0.009887601,0.010660239,0.011364422,0.01182396,0.011927064,0.011819545,0.011711613,0.011813478,0.01226756,0.012945115,0.013649611,0.014184515,0.014407581,0.014393717,0.014272121,0.014171987,0.014209023,0.014444977,0.014928105,0.015706667,0.016765398,0.017834949,0.018582451,0.018675032,0.017910029,0.016605607,0.015210136,0.014171987,0.013808664,0.0139142,0.014151761,0.014184515,0.013773794,0.013073602,0.012336106,0.011813478,0.011678338,0.011785118,0.011908697,0.01182396,0.011373338,0.010669464,0.009892523,0.009222697,0.008795278,0.008565986,0.008445648,0.008345091,0.008195964,0.008013202,0.007832565,0.007689811,0.007609156,0.007568652,0.007534808,0.007474135,0.007361237,0.007203099,0.007014801,0.006811423
0.006811423,0.007014763,0.007203039,0.007361184,0.007474135,0.007534906,0.007568833,0.007609329,0.007689811,0.007832211,0.008012539,0.008195323,0.008345091,0.008446967,0.008568458,0.008797667,0.009222697,0.009887601,0.010660239,0.011364422,0.01182396,0.011927064,0.011819545,0.011711613,0.011813478,0.01226756,0.012945115,0.013649611,0.014184515,0.014407581,0.014393717,0.014272121,0.014171987,0.014209023,0.014444977,0.014928105,0.015706667,0.016765398,0.017834949,0.018582451,0.018675032,0.017910029,0.016605607,0.015210136,0.014171987,0.013808664,0.0139142,0.014151761,0.014184515,0.013773794,0.013073602,0.012336106,0.011813478,0.011678338,0.011785118,0.011908697,0.01182396,0.011373338,0.010669464,0.009892523,0.009222697,0.008795278,0.008565986,0.008445648,0.008345091,0.008195964,0.008013202,0.007832565,0.007689811,0.007609156,0.007568652,0.007534808,0.007474135,0.007361237,0.007203099,0.007014801,0.006811423
0.006811423,0.007014763,0.007203039,0.007361184,0.007474135,0.007534906,0.007568833,0.007609329,0.007689811,0.007832211,0.008012539,0.008195323,0.008345091,0.008446967,0.008568458,0.008797667,0.009222697,0.009887601,0.010660239,0.011364422,0.01182396,0.011927064,0.011819545,0.011711613,0.011813478,0.01226756,0.012945115,0.013649611,0.014184515,0.014407581,0.014393717,0.014272121,0.014171987,0.014209023,0.014444977,0.014928105,0.015706667,0.016765398,0.017834949,0.018582451,0.018675032,0.017910029,0.016605607,0.015210136,0.014171987,0.013808664,0.0139142,0.014151761,0.014184515,0.013773794,0.013073602,0.012336106,0.011813478,0.011678338,0.011785118,0.011908697,0.01182396,0.011373338,0.010669464,0.009892523,0.009222697,0.008795278,0.008565986,0.008445648,0.008345091,0.008195964,0.008013202,0.007832565,0.007689811,0.007609156,0.007568652,0.007534808,0.007474135,0.007361237,0.007203099,0.007014801,0.006811423
