0.012739442,0.012739442,0.012739442,0.012739442,0.012739442,0.012979212,0.013223074,0.01347512,0.013739442,0.014016041,0.014288547,0.014536501,0.014739442,0.014893278,0.01505939,0.015315529,0.015739442,0.016373876,0.017121558,0.017850211,0.018427559,0.018749963,0.018828339,0.018702241,0.018411223,0.018025673,0.017739313,0.017776699,0.018362386,0.019602545,0.021129803,0.022458402,0.023102583,0.022790345,0.022104719,0.021842493,0.022800454,0.025436311,0.028851449,0.031808174,0.033068792,0.031808174,0.028851449,0.025436311,0.022800454,0.021842493,0.022104719,0.022790345,0.023102583,0.022458402,0.021129803,0.019602545,0.018362386,0.017776699,0.017739313,0.018025673,0.018411223,0.018702241,0.018828339,0.018749963,0.018427559,0.017850211,0.017121558,0.016373876,0.015739442,0.015315529,0.01505939,0.014893278,0.014739442,0.014536501,0.014288547,0.014016041,0.013739442,0.01347512,0.013223074,0.012979212,0.012739442,0.012739442,0.012739442,0.012739442
0.012739442,0.012739442,0.012739442,0.012739442,0.012739442,0.012979212,0.013223074,0.01347512,0.013739442,0.014016041,0.014288547,0.014536501,0.014739442,0.014893278,0.01505939,0.015315529,0.015739442,0.016373876,0.017121558,0.017850211,0.018427559,0.018749963,0.018828339,0.018702241,0.018411223,0.018025673,0.017739313,0.017776699,0.018362386,0.019602545,0.021129803,0.022458402,0.023102583,0.022790345,0.022104719,0.021842493,0.022800454,0.025436311,0.028851449,0.031808174,0.033068792,0.031808174,0.028851449,0.025436311,0.022800454,0.021842493,0.022104719,0.022790345,0.023102583,0.022458402,0.021129803,0.019602545,0.018362386,0.017776699,0.017739313,0.018025673,0.018411223,0.018702241,0.018828339,0.018749963,0.018427559,0.017850211,0.017121558,0.016373876,0.015739442,0.015315529,0.01505939,0.014893278,0.014739442,0.014536501,0.014288547,0.014016041,0.013739442,0.01347512,0.013223074,0.012979212,0.012739442,0.012739442,0.012739442,0.012739442
0.012739442,0.012739442,0.012739442,0.012739442,0.012739442,0.012979212,0.013223074,0.01347512,0.013739442,0.014016041,0.014288547,0.014536501,0.014739442,0.014893278,0.01505939,0.015315529,0.015739442,0.016373876,0.017121558,0.017850211,0.018427559,0.018749963,0.018828339,0.018702241,0.018411223,0.018025673,0.017739313,0.017776699,0.018362386,0.019602545,0.021129803,0.022458402,0.023102583,0.022790345,0.022104719,0.021842493,0.022800454,0.025436311,0.028851449,0.031808174,0.033068792,0.031808174,0.028851449,0.025436311,0.022800454,0.021842493,0.022104719,0.022790345,0.023102583,0.022458402,0.021129803,0.019602545,0.018362386,0.017776699,0.017739313,0.018025673,0.018411223,0.018702241,0.018828339,0.018749963,0.018427559,0.017850211,0.017121558,0.016373876,0.015739442,0.015315529,0.01505939,0.014893278,0.014739442,0.014536501,0.014288547,0.014016041,0.013739442,0.01347512,0.013223074,0.012979212,0.012739442,0.012739442,0.012739442,0.012739442
0.012739442,0.012739442,0.012739442,0.012739442,0.012739442,0.012979212,0.013223074,0.01347512,0.013739442,0.014016041,0.014288547,0.014536501,0.014739442,0.014893278,0.01505939,0.015315529,0.015739442,0.016373876,0.017121558,0.017850211,0.018427559,0.018749963,0.018828339,0.018702241,0.018411223,0.018025673,0.017739313,0.017776699,0.018362386,0.019602545,0.021129803,0.022458402,0.023102583,0.022790345,0.022104719,0.021842493,0.022800454,0.025436311,0.028851449,0.031808174,0.033068792,0.031808174,0.028851449,0.025436311,0.022800454,0.021842493,0.022104719,0.022790345,0.023102583,0.022458402,0.021129803,0.019602545,0.018362386,0.017776699,0.017739313,0.018025673,0.018411223,0.018702241,0.018828339,0.018749963,0.018427559,0.017850211,0.017121558,0.016373876,0.015739442,0.015315529,0.01505939,0.014893278,0.014739442,0.014536501,0.014288547,0.014016041,0.013739442,0.01347512,0.013223074,0.012979212,0.012739442,0.012739442,0.012739442,0.012739442
0.012739442,0.012739442,0.012739442,0.012739442,0.012739442,0.012979212,0.013223074,0.01347512,0.013739442,0.014016041,0.014288547,0.014536501,0.014739442,0.014893278,0.01505939,0.015315529,0.015739442,0.016373876,0.017121558,0.017850211,0.018427559,0.018749963,0.018828339,0.018702241,0.018411223,0.018025673,0.017739313,0.017776699,0.018362386,0.019602545,0.021129803,0.022458402,0.023102583,0.022790345,0.022104719,0.021842493,0.022800454,0.025436311,0.028851449,0.031808174,0.033068792,0.031808174,0.028851449,0.025436311,0.022800454,0.021842493,0.022104719,0.022790345,0.023102583,0.022458402,0.021129803,0.019602545,0.018362386,0.017776699,0.017739313,0.018025673,0.018411223,0.018702241,0.018828339,0.018749963,0.018427559,0.017850211,0.017121558,0.016373876,0.015739442,0.015315529,0.01505939,0.014893278,0.014739442,0.014536501,0.014288547,0.014016041,0.013739442,0.01347512,0.013223074,0.012979212,0.012739442,0.012739442,0.012739442,0.012739442
0.010936544,0.010936544,0.010936544,0.010936544,0.010936544,0.011164934,0.011401968,0.01165629,0.011936544,0.012242731,0.012540275,0.012785952,0.012936544,0.012983406,0.0130562,0.013319166,0.013936544,0.014999167,0.016304247,0.017575588,0.018536997,0.018999281,0.019121265,0.019148776,0.019327642,0.01984818,0.020678675,0.021731901,0.022920632,0.024146145,0.025263719,0.026117133,0.026550169,0.026504561,0.026313855,0.026409552,0.027223152,0.028990802,0.031167234,0.033011824,0.03378395,0.032990382,0.031127465,0.028938936,0.027168534,0.026363233,0.026282961,0.026490885,0.026550169,0.026123299,0.025270033,0.024149449,0.022920624,0.021730499,0.02067746,0.019847757,0.019327642,0.019148125,0.019119277,0.018995928,0.018532912,0.017571867,0.016301669,0.014998001,0.013936544,0.013319702,0.013056755,0.012983702,0.012936544,0.012785807,0.012540123,0.01224265,0.011936544,0.011656334,0.011402018,0.011164965,0.010936544,0.010936544,0.010936544,0.010936544
0.009278672,0.009278672,0.009278672,0.009278672,0.009278672,0.009496756,0.009727607,0.00998399,0.010278672,0.010611652,0.010931867,0.011175484,0.011278672,0.011228664,0.011216956,0.011486106,0.012278672,0.013728907,0.015537837,0.017298181,0.018602659,0.019185146,0.019344139,0.01951929,0.020150252,0.021539091,0.023437534,0.025459718,0.027219783,0.028422247,0.029133145,0.029508892,0.029705902,0.02987095,0.030112258,0.030528405,0.031217974,0.03221385,0.033286139,0.03413925,0.034477595,0.034104943,0.033222509,0.032130865,0.031130585,0.030454295,0.030062828,0.029849069,0.029705902,0.029518757,0.029143248,0.028427533,0.02721977,0.025457475,0.02343559,0.021538416,0.020150252,0.019518248,0.019340958,0.019179782,0.018596123,0.017292227,0.015533712,0.01372704,0.012278672,0.011486963,0.011217843,0.011229138,0.011278672,0.011175252,0.010931625,0.010611521,0.010278672,0.00998406,0.009727687,0.009496806,0.009278672,0.009278672,0.009278672,0.009278672
0.007910849,0.007910849,0.007910849,0.007910849,0.007910849,0.008120778,0.008346736,0.00860475,0.008910849,0.009265033,0.009603188,0.009845174,0.009910849,0.009784184,0.009705604,0.009979647,0.010910849,0.012667541,0.014873227,0.017015205,0.018580772,0.019244106,0.019426908,0.01973776,0.020785245,0.022966812,0.025835388,0.028732767,0.031000743,0.032163353,0.032473594,0.032366705,0.032277926,0.032541687,0.033089195,0.033750848,0.034357044,0.034774009,0.035011282,0.035114229,0.035128214,0.03508421,0.034955606,0.034701397,0.034280579,0.033686002,0.033045944,0.032522541,0.032277926,0.032375338,0.032482435,0.032167979,0.031000732,0.028730804,0.025833687,0.02296622,0.020785245,0.019736849,0.019424124,0.019239412,0.018575053,0.017009996,0.014869618,0.012665908,0.010910849,0.009980397,0.009706381,0.009784599,0.009910849,0.009844971,0.009602976,0.009264918,0.008910849,0.008604812,0.008346806,0.008120822,0.007910849,0.007910849,0.007910849,0.007910849
0.006978101,0.006978101,0.006978101,0.006978101,0.006978101,0.0071831,0.0074061,0.0076651,0.007978101,0.008345102,0.008694104,0.008935103,0.008978101,0.008805096,0.008686091,0.008963092,0.009978101,0.011919518,0.014361319,0.016723875,0.018427559,0.019112707,0.01929952,0.019728166,0.021138812,0.023999745,0.027691733,0.031323662,0.034004418,0.035101966,0.035020577,0.034423601,0.033974387,0.034168945,0.034833934,0.035628675,0.036212486,0.036339836,0.036145784,0.035860535,0.035714295,0.035860535,0.036145784,0.036339836,0.036212486,0.035628675,0.034833934,0.034168945,0.033974387,0.034423601,0.035020577,0.035101966,0.034004418,0.031323662,0.027691733,0.023999745,0.021138812,0.019728166,0.01929952,0.019112707,0.018427559,0.016723875,0.014361319,0.011919518,0.009978101,0.008963092,0.008686091,0.008805096,0.008978101,0.008935103,0.008694104,0.008345102,0.007978101,0.0076651,0.0074061,0.0071831,0.006978101,0.006978101,0.006978101,0.006978101
0.006570449,0.006570449,0.006570449,0.006570449,0.006570449,0.006774286,0.006996587,0.00725582,0.007570449,0.007940474,0.008292034,0.008532801,0.008570449,0.008386512,0.008257971,0.00853567,0.009570449,0.01155448,0.014045238,0.01644153,0.018142157,0.018783538,0.018952532,0.019473612,0.021171252,0.024554986,0.028874592,0.033064912,0.036060785,0.037110028,0.036712367,0.035680503,0.034827137,0.034766208,0.035316608,0.036098465,0.036731909,0.036935987,0.036825414,0.036613826,0.036514855,0.036669576,0.036928816,0.03707084,0.036873917,0.03621889,0.035396923,0.034801758,0.034827137,0.035664487,0.036695979,0.037101467,0.036060806,0.033068498,0.028877641,0.024555978,0.021171252,0.019475537,0.018958219,0.018793015,0.018153642,0.016451965,0.014052459,0.011557746,0.009570449,0.00853417,0.008256419,0.008385683,0.008570449,0.008533207,0.008292457,0.007940703,0.007570449,0.007255697,0.006996446,0.006774197,0.006570449,0.006570449,0.006570449,0.006570449
0.006557898,0.006557898,0.006557898,0.006557898,0.006557898,0.006762746,0.006985656,0.007244686,0.007557898,0.007925292,0.008274625,0.008515595,0.008557898,0.008383474,0.008263232,0.008540323,0.009557898,0.011502848,0.013937017,0.01626599,0.01789535,0.018473351,0.018618934,0.01919371,0.02105929,0.024744382,0.029446085,0.034028597,0.037356114,0.038617249,0.038298284,0.037209917,0.036162847,0.035792198,0.036030808,0.036635942,0.037364864,0.038011516,0.038516546,0.038857277,0.039011036,0.038960212,0.038707457,0.038260491,0.037627031,0.036858237,0.036179032,0.035857781,0.036162847,0.037180447,0.038268211,0.038601619,0.037356153,0.034034858,0.029451037,0.024745559,0.02105929,0.019198694,0.018632626,0.018495533,0.017921866,0.016289941,0.013953539,0.011510309,0.009557898,0.0085369,0.008259688,0.008381581,0.008557898,0.008516521,0.008275591,0.007925815,0.007557898,0.007244404,0.006985333,0.006762545,0.006557898,0.006557898,0.006557898,0.006557898
0.006755448,0.006755448,0.006755448,0.006755448,0.006755448,0.006961358,0.007184905,0.007443723,0.007755448,0.008120082,0.008467079,0.008708261,0.008755448,0.008591004,0.008479467,0.008755921,0.009755448,0.011660239,0.014040913,0.016315201,0.017900829,0.018454941,0.018592328,0.019167198,0.021033757,0.024728472,0.029516858,0.034346692,0.03816575,0.040192779,0.04073041,0.040352248,0.039631893,0.039066947,0.038850993,0.039101613,0.039936386,0.04137158,0.043018202,0.044385948,0.044984509,0.044484626,0.043201211,0.041610226,0.040187629,0.039314561,0.038992886,0.039129648,0.039631893,0.04032431,0.04070216,0.040178351,0.038165787,0.034351557,0.029519477,0.024727544,0.021033757,0.019176471,0.018615474,0.018490914,0.017942936,0.01635287,0.014066773,0.011671885,0.009755448,0.008750584,0.008473942,0.008588053,0.008755448,0.008709706,0.008468586,0.008120898,0.007755448,0.007443283,0.007184402,0.006961045,0.006755448,0.006755448,0.006755448,0.006755448
0.006978101,0.006978101,0.006978101,0.006978101,0.006978101,0.007182997,0.007405935,0.007664956,0.007978101,0.008345371,0.008694599,0.008935579,0.008978101,0.008804125,0.008684274,0.008961336,0.009978101,0.011922268,0.014361184,0.016707106,0.018372291,0.019001101,0.019166314,0.019672814,0.021325484,0.024667793,0.029197556,0.03415117,0.038765036,0.042405766,0.044960827,0.046447896,0.046884654,0.046410488,0.045651621,0.045355985,0.04627151,0.048821333,0.052129408,0.054994893,0.056216947,0.054995001,0.05212958,0.048821484,0.04627151,0.045355706,0.045651106,0.046409994,0.046884654,0.046448905,0.044962716,0.042407591,0.038765036,0.034147413,0.029190514,0.024660988,0.021325484,0.019687697,0.019199501,0.019049815,0.018427559,0.016755822,0.014394374,0.011937154,0.009978101,0.008954526,0.008677223,0.008800359,0.008978101,0.008937421,0.008696522,0.008346413,0.007978101,0.007664395,0.007405294,0.007182597,0.006978101,0.006978101,0.006978101,0.006978101
0.007077847,0.007077847,0.007077847,0.007077847,0.007077847,0.007278621,0.007499086,0.007758931,0.008077847,0.008455832,0.008814128,0.009054282,0.009077847,0.00886513,0.008711483,0.008991018,0.010077847,0.012180049,0.014841585,0.017440384,0.019354373,0.020184595,0.020424543,0.020790824,0.022000044,0.024606902,0.028518468,0.033479901,0.039236365,0.045429293,0.051285214,0.055926928,0.058477237,0.058478655,0.057152549,0.056139999,0.057082087,0.060993071,0.066379928,0.071122814,0.073101886,0.070909079,0.065983456,0.060475859,0.056537131,0.055677324,0.056843335,0.05834127,0.058477237,0.055990354,0.051351785,0.045465705,0.03923629,0.033458828,0.028493063,0.02458985,0.022000044,0.020812406,0.020467311,0.020243041,0.019417875,0.017495157,0.014878478,0.01219649,0.010077847,0.008983515,0.008703715,0.008860981,0.009077847,0.009056313,0.008816246,0.00845698,0.008077847,0.007758313,0.00749838,0.00727818,0.007077847,0.007077847,0.007077847,0.007077847
0.007054634,0.007054634,0.007054634,0.007054634,0.007054634,0.007251523,0.007469656,0.007730278,0.008054634,0.008442724,0.00880957,0.009048948,0.009054634,0.008805386,0.008619871,0.008901738,0.010054634,0.012306678,0.015183861,0.018036645,0.020215492,0.02127807,0.021610875,0.021807607,0.022461969,0.024126422,0.027188461,0.031994344,0.038890326,0.047852167,0.05737365,0.065578059,0.07058868,0.071270491,0.069455231,0.067716332,0.068627226,0.073827641,0.08122249,0.08778298,0.090480322,0.087306837,0.080339296,0.072675583,0.067413583,0.066686309,0.068767293,0.070965196,0.07058868,0.065717946,0.057519353,0.047930799,0.038890184,0.031952545,0.027141475,0.024097706,0.022461969,0.021835431,0.021660994,0.021341994,0.020281768,0.018092391,0.015220895,0.012323052,0.010054634,0.008894287,0.008612157,0.008801266,0.009054634,0.009050964,0.008811674,0.008443864,0.008054634,0.007729665,0.007468955,0.007251085,0.007054634,0.007054634,0.007054634,0.007054634
0.006945403,0.006945403,0.006945403,0.006945403,0.006945403,0.007143077,0.00736168,0.007622146,0.007945403,0.008331454,0.008696573,0.008936108,0.008945403,0.00870353,0.008524449,0.008805845,0.009945403,0.012170747,0.015029254,0.017898236,0.020155011,0.021354145,0.021759221,0.021811072,0.021950533,0.022690993,0.024836049,0.029261853,0.036844556,0.047867127,0.060239809,0.071279664,0.078303751,0.079620839,0.07750652,0.075228092,0.076052854,0.082093032,0.090840561,0.098632302,0.101805116,0.097933806,0.089544944,0.080403043,0.074272617,0.073717364,0.07649772,0.079173309,0.078303751,0.071484262,0.060452426,0.047981419,0.036844419,0.029202892,0.02477146,0.022653037,0.021950533,0.021842809,0.02181251,0.021418228,0.020218556,0.017950329,0.015063359,0.012185699,0.009945403,0.008799065,0.00851743,0.008699781,0.008945403,0.008937942,0.008698487,0.008332491,0.007945403,0.007621587,0.007361042,0.007142678,0.006945403,0.006945403,0.006945403,0.006945403
0.006787093,0.006787093,0.006787093,0.006787093,0.006787093,0.006994658,0.007219196,0.007477683,0.007787093,0.008147425,0.008490783,0.008732296,0.008787093,0.0086382,0.00854023,0.008815691,0.009787093,0.011640851,0.014019005,0.016427503,0.018372291,0.019485437,0.019903491,0.019889124,0.019705009,0.019765257,0.021089743,0.029261853,0.032216692,0.04366691,0.056897368,0.06891012,0.07670722,0.078364545,0.076253269,0.073818386,0.074504894,0.080557231,0.089417612,0.097327692,0.100529128,0.096535521,0.087948247,0.078640628,0.072485983,0.072105191,0.075109357,0.077857146,0.07670722,0.069141884,0.057138009,0.043796108,0.032216692,0.024784195,0.021018727,0.019724322,0.019705009,0.019920575,0.019953819,0.019543296,0.018427559,0.01647178,0.014047602,0.011653286,0.009787093,0.008810071,0.008534411,0.008635092,0.008787093,0.008733817,0.00849237,0.008148285,0.007787093,0.007477221,0.007218667,0.006994327,0.006787093,0.006787093,0.006787093,0.006787093
0.006625646,0.006625646,0.006625646,0.006625646,0.006625646,0.006854843,0.007092361,0.007346521,0.007625646,0.007929735,0.008225503,0.008471342,0.008625646,0.008680093,0.008759504,0.009021987,0.010584652,0.012147318,0.014829223,0.017204599,0.018628104,0.019068867,0.019024099,0.019606012,0.021553857,0.023638827,0.025389982,0.032481874,0.041404767,0.056233358,0.070727218,0.085403917,0.099998469,0.10675317,0.101175568,0.09181016,0.08847207,0.092958611,0.101637363,0.109840964,0.111441682,0.105196317,0.096654119,0.090539937,0.091143958,0.099101529,0.105125576,0.100573432,0.089302467,0.076849475,0.062968907,0.047194475,0.033959294,0.027237208,0.024265562,0.021563514,0.019513954,0.019032641,0.019303058,0.019213606,0.018204627,0.016055611,0.013350694,0.012153536,0.01122044,0.009017865,0.008755238,0.008677814,0.008625646,0.008472457,0.008226667,0.007930366,0.007625646,0.007346182,0.007091973,0.0068546,0.006625646,0.006625646,0.006625646,0.006625646
0.006543023,0.006543023,0.006543023,0.006543023,0.006543023,0.006801014,0.007055809,0.007304211,0.007543023,0.007772244,0.008004662,0.008256261,0.008543023,0.008868145,0.009183677,0.009428882,0.011041334,0.012653786,0.015639442,0.017981695,0.018883916,0.018652297,0.018144707,0.019322899,0.023402706,0.027512397,0.029690221,0.035701896,0.050592842,0.068799805,0.084557067,0.101897713,0.123289717,0.135141795,0.126097867,0.109801933,0.102439246,0.105359991,0.113857114,0.122354236,0.122354236,0.113857114,0.105359991,0.102439246,0.109801933,0.126097867,0.135141795,0.123289717,0.101897713,0.084557067,0.068799805,0.050592842,0.035701896,0.029690221,0.027512397,0.023402706,0.019322899,0.018144707,0.018652297,0.018883916,0.017981695,0.015639442,0.012653786,0.012653786,0.012653786,0.009426367,0.009181073,0.008866754,0.008543023,0.008256941,0.008005372,0.007772629,0.007543023,0.007304004,0.007055573,0.006800866,0.006543023,0.006543023,0.006543023,0.006543023
0.006630186,0.006630186,0.006630186,0.006630186,0.006630186,0.006917757,0.007190299,0.007432785,0.007630186,0.007782502,0.007949846,0.008207361,0.008630186,0.009233352,0.009791432,0.01001889,0.011336542,0.012654194,0.015596666,0.017975264,0.019062532,0.01898037,0.01848061,0.019985477,0.025056607,0.030142896,0.03282212,0.040300315,0.059050765,0.08298748,0.104904423,0.125674644,0.145593298,0.154564858,0.144547528,0.126105101,0.112521343,0.109354316,0.117524738,0.125695159,0.125695159,0.117524738,0.109354316,0.112521343,0.126105101,0.144547528,0.154564858,0.145593298,0.125674644,0.104904423,0.08298748,0.059050765,0.040300315,0.03282212,0.030142896,0.025056607,0.019985477,0.01848061,0.01898037,0.019062532,0.017975264,0.015596666,0.012654194,0.012654194,0.012654194,0.010017833,0.009790338,0.009232767,0.008630186,0.008207647,0.007950145,0.007782664,0.007630186,0.007432698,0.0071902,0.006917695,0.006630186,0.006630186,0.006630186,0.006630186
0.006978101,0.006978101,0.006978101,0.006978101,0.006978101,0.007289655,0.007576587,0.007814277,0.007978101,0.008068061,0.008182642,0.008444953,0.008978101,0.009806709,0.010561452,0.010774519,0.011757975,0.01274143,0.015666606,0.018106243,0.019395542,0.019447446,0.018909343,0.02078865,0.027100402,0.03353008,0.037070266,0.04627151,0.068968991,0.098578435,0.126549292,0.150885359,0.169872214,0.17636822,0.165412088,0.146191148,0.130373599,0.125402499,0.134790921,0.144179343,0.144179343,0.134790921,0.125402499,0.130373599,0.146191148,0.165412088,0.17636822,0.169872214,0.150885359,0.126549292,0.098578435,0.068968991,0.04627151,0.037070266,0.03353008,0.027100402,0.02078865,0.018909343,0.019447446,0.019395542,0.018106243,0.015666606,0.01274143,0.01274143,0.01274143,0.010774519,0.010561452,0.009806709,0.008978101,0.008444953,0.008182642,0.008068061,0.007978101,0.007814277,0.007576587,0.007289655,0.006978101,0.006978101,0.006978101,0.006978101
0.007623204,0.007623204,0.007623204,0.007623204,0.007623204,0.007948343,0.008243426,0.008478398,0.008623204,0.008677843,0.008762537,0.009027565,0.009623204,0.01057951,0.011445649,0.011650565,0.0122973,0.012944035,0.015877652,0.018419864,0.019973893,0.02016521,0.019515687,0.021910557,0.030074995,0.038730584,0.04399209,0.055550611,0.082493972,0.117920579,0.152139335,0.180290547,0.198582729,0.202665805,0.191022845,0.174028077,0.163441662,0.164676331,0.17868263,0.192688928,0.192688928,0.17868263,0.164676331,0.163441662,0.174028077,0.191022845,0.202665805,0.198582729,0.180290547,0.152139335,0.117920579,0.082493972,0.055550611,0.04399209,0.038730584,0.030074995,0.021910557,0.019515687,0.02016521,0.019973893,0.018419864,0.015877652,0.012944035,0.012944035,0.012944035,0.011651043,0.011446143,0.010579774,0.009623204,0.009027436,0.008762402,0.00867777,0.008623204,0.008478438,0.008243471,0.007948371,0.007623204,0.007623204,0.007623204,0.007623204
0.008383825,0.008383825,0.008383825,0.008383825,0.008383825,0.008713656,0.009011555,0.009245589,0.009383825,0.009426265,0.009500636,0.009766603,0.010383825,0.011384237,0.012288852,0.012490953,0.012658401,0.012825849,0.015620308,0.018226206,0.020223045,0.020765399,0.02010468,0.023304592,0.034085609,0.045983012,0.053933098,0.068661433,0.100622636,0.143398268,0.186262765,0.218135103,0.23083725,0.228158583,0.216936955,0.204236706,0.197152738,0.202675722,0.223677639,0.244679556,0.244679556,0.223677639,0.202675722,0.197152738,0.204236706,0.216936955,0.228158583,0.23083725,0.218135103,0.186262765,0.143398268,0.100622636,0.068661433,0.053933098,0.045983012,0.034085609,0.023304592,0.02010468,0.020765399,0.020223045,0.018226206,0.015620308,0.012825849,0.012825849,0.012825849,0.012491455,0.012289371,0.011384515,0.010383825,0.009766467,0.009500495,0.009426188,0.009383825,0.00924563,0.009011602,0.008713686,0.008383825,0.008383825,0.008383825,0.008383825
0.009023769,0.009023769,0.009023769,0.009023769,0.009023769,0.009352482,0.009649709,0.009883967,0.010023769,0.010069115,0.010145946,0.010411689,0.011023769,0.012013671,0.012909118,0.01311189,0.012691495,0.012271099,0.014744287,0.017342056,0.019937141,0.021062675,0.020552549,0.024783294,0.038612386,0.054278451,0.065404961,0.083773608,0.121407912,0.173140463,0.227189565,0.262507317,0.264001997,0.249672821,0.239934552,0.231773196,0.221146617,0.223328863,0.251644538,0.279960212,0.279960212,0.251644538,0.223328863,0.221146617,0.231773196,0.239934552,0.249672821,0.264001997,0.262507317,0.227189565,0.173140463,0.121407912,0.083773608,0.065404961,0.054278451,0.038612386,0.024783294,0.020552549,0.021062675,0.019937141,0.017342056,0.014744287,0.012271099,0.012271099,0.012271099,0.013112165,0.012909403,0.012013823,0.011023769,0.010411614,0.010145868,0.010069073,0.010023769,0.009883989,0.009649735,0.009352498,0.009023769,0.009023769,0.009023769,0.009023769
0.009306837,0.009306837,0.009306837,0.009306837,0.009306837,0.009631704,0.009926625,0.010161651,0.010306837,0.010362182,0.010447473,0.010712447,0.011306837,0.012260591,0.013124505,0.013329584,0.013119926,0.012910267,0.015574008,0.018346169,0.021050549,0.022083351,0.021300017,0.025820534,0.041070817,0.058435945,0.070795931,0.091051356,0.132276281,0.188218102,0.245976238,0.285384848,0.291802286,0.279948946,0.268461823,0.262282265,0.263931878,0.279948946,0.312564357,0.345179768,0.345179768,0.312564357,0.279948946,0.263931878,0.262282265,0.268461823,0.279948946,0.291802286,0.285384848,0.245976238,0.188218102,0.132276281,0.091051356,0.070795931,0.058435945,0.041070817,0.025820534,0.021300017,0.022083351,0.021050549,0.018346169,0.015574008,0.012910267,0.012910267,0.012910267,0.013329584,0.013124505,0.012260591,0.011306837,0.010712447,0.010447473,0.010362182,0.010306837,0.010161651,0.009926625,0.009631704,0.009306837,0.009306837,0.009306837,0.009306837
0.009076341,0.009076341,0.009076341,0.009076341,0.009076341,0.009397236,0.009689773,0.009925594,0.010076341,0.010142014,0.010236045,0.010500224,0.011076341,0.011992755,0.012824095,0.013031558,0.014419966,0.015808373,0.019587433,0.022851191,0.02474558,0.024435597,0.02260831,0.026020005,0.039592707,0.054842191,0.065012171,0.083664378,0.123448339,0.173046752,0.218897888,0.262429127,0.303911763,0.324003605,0.311702092,0.308976644,0.353769039,0.414938506,0.447073411,0.479208316,0.479208316,0.447073411,0.414938506,0.353769039,0.308976644,0.311702092,0.324003605,0.303911763,0.262429127,0.218897888,0.173046752,0.123448339,0.083664378,0.065012171,0.054842191,0.039592707,0.026020005,0.02260831,0.024435597,0.02474558,0.022851191,0.019587433,0.015808373,0.015808373,0.015808373,0.013031398,0.01282393,0.011992667,0.011076341,0.010500267,0.01023609,0.010142038,0.010076341,0.009925581,0.009689758,0.009397227,0.009076341,0.009076341,0.009076341,0.009076341
0.00849362,0.00849362,0.00849362,0.00849362,0.00849362,0.008811089,0.009101571,0.009338077,0.00949362,0.0095682,0.009669768,0.009933262,0.01049362,0.011377831,0.012181078,0.012390597,0.015206469,0.018022342,0.022401981,0.025843358,0.027056091,0.025843358,0.023456175,0.025843358,0.037239753,0.050326539,0.059154901,0.07480972,0.106947621,0.142478511,0.170317508,0.210147303,0.2774383,0.34004418,0.37012119,0.404652574,0.479057575,0.557672454,0.590316696,0.622960937,0.622960937,0.590316696,0.557672454,0.479057575,0.404652574,0.37012119,0.34004418,0.2774383,0.210147303,0.170317508,0.142478511,0.106947621,0.07480972,0.059154901,0.050326539,0.037239753,0.025843358,0.023456175,0.025843358,0.027056091,0.025843358,0.022401981,0.018022342,0.018022342,0.018022342,0.012390402,0.012180876,0.011377723,0.01049362,0.009933314,0.009669823,0.00956823,0.00949362,0.009338061,0.009101552,0.008811078,0.00849362,0.00849362,0.00849362,0.00849362
0.00779952,0.00779952,0.00779952,0.00779952,0.00779952,0.008114301,0.008403169,0.008640213,0.00879952,0.008881089,0.008988571,0.009251527,0.00979952,0.010658462,0.011439666,0.011650798,0.014235334,0.016819869,0.020072925,0.02287775,0.024511742,0.024350107,0.022990484,0.025822463,0.037046359,0.051313444,0.063234131,0.076804425,0.095967574,0.115070182,0.13011624,0.153335938,0.201345273,0.292077282,0.428620037,0.553364701,0.614594253,0.64485586,0.683105823,0.721355786,0.721355786,0.683105823,0.64485586,0.614594253,0.553364701,0.428620037,0.292077282,0.201345273,0.153335938,0.13011624,0.115070182,0.095967574,0.076804425,0.063234131,0.051313444,0.037046359,0.025822463,0.022990484,0.024350107,0.024511742,0.02287775,0.020072925,0.016819869,0.016819869,0.016819869,0.011650666,0.01143953,0.010658389,0.00979952,0.009251562,0.008988608,0.008881109,0.00879952,0.008640202,0.008403157,0.008114293,0.00779952,0.00779952,0.00779952,0.00779952
0.007234886,0.007234886,0.007234886,0.007234886,0.007234886,0.007547908,0.007835721,0.008073117,0.008234886,0.008321029,0.00843238,0.008694985,0.009234886,0.010077293,0.010844074,0.011056261,0.012688051,0.01431984,0.016267467,0.018411223,0.020773868,0.022161658,0.022313087,0.025912092,0.037007859,0.052165133,0.066699979,0.078418173,0.086578349,0.093760859,0.102159928,0.109103545,0.124583837,0.214115708,0.41855741,0.624617797,0.720626048,0.755542051,0.794410189,0.833278327,0.833278327,0.794410189,0.755542051,0.720626048,0.624617797,0.41855741,0.214115708,0.124583837,0.109103545,0.102159928,0.093760859,0.086578349,0.078418173,0.066699979,0.052165133,0.037007859,0.025912092,0.022313087,0.022161658,0.020773868,0.018411223,0.016267467,0.01431984,0.01431984,0.01431984,0.011056261,0.010844074,0.010077293,0.009234886,0.008694985,0.00843238,0.008321029,0.008234886,0.008073117,0.007835721,0.007547908,0.007234886,0.007234886,0.007234886,0.007234886
0.00697972,0.00697972,0.00697972,0.00697972,0.00697972,0.007292005,0.007579376,0.007816919,0.00797972,0.008067779,0.008180753,0.00844321,0.00897972,0.009815197,0.010575933,0.010788562,0.011959606,0.013130649,0.015214086,0.017466447,0.019932695,0.021711481,0.022577574,0.025956515,0.034848998,0.046905535,0.058700583,0.067854555,0.073257734,0.077833938,0.083962752,0.08781332,0.094312183,0.149625921,0.294972774,0.510537595,0.751539353,0.934366877,0.962688875,0.991010872,0.991010872,0.962688875,0.934366877,0.751539353,0.510537595,0.294972774,0.149625921,0.094312183,0.08781332,0.083962752,0.077833938,0.073257734,0.067854555,0.058700583,0.046905535,0.034848998,0.025956515,0.022577574,0.021711481,0.019932695,0.017466447,0.015214086,0.013130649,0.013130649,0.013130649,0.010788725,0.010576102,0.009815288,0.00897972,0.008443166,0.008180707,0.008067754,0.00797972,0.007816932,0.007579391,0.007292014,0.00697972,0.00697972,0.00697972,0.00697972
0.006970642,0.006970642,0.006970642,0.006970642,0.006970642,0.007282909,0.007570269,0.007807816,0.007970642,0.008058747,0.008171759,0.008434213,0.008970642,0.009805954,0.010566545,0.010779185,0.011873363,0.012967542,0.01577444,0.018427559,0.020662357,0.022181321,0.023189492,0.025935083,0.032251236,0.040267629,0.047736047,0.054600175,0.061237363,0.067567717,0.073647552,0.080535258,0.09052886,0.109882852,0.161170483,0.328283552,0.652828031,0.945948032,0.986201929,1.006455826,1.006455826,0.986201929,0.945948032,0.652828031,0.328283552,0.161170483,0.109882852,0.09052886,0.080535258,0.073647552,0.067567717,0.061237363,0.054600175,0.047736047,0.040267629,0.032251236,0.025935083,0.023189492,0.022181321,0.020662357,0.018427559,0.01577444,0.012967542,0.012967542,0.012967542,0.010779462,0.010566832,0.009806107,0.008970642,0.008434138,0.008171681,0.008058705,0.007970642,0.007807839,0.007570296,0.007282925,0.006970642,0.006970642,0.006970642,0.006970642
0.007083427,0.007083427,0.007083427,0.007083427,0.007083427,0.007395995,0.007683536,0.007921023,0.008083427,0.008170749,0.008283099,0.008545612,0.009083427,0.00992157,0.010684631,0.01089709,0.011941954,0.012986819,0.015970128,0.018707971,0.02085245,0.022300516,0.02337946,0.025893062,0.031255609,0.037846918,0.043863209,0.049800774,0.056418001,0.063221569,0.069715184,0.076642363,0.085075905,0.096165944,0.12173453,0.216214061,0.411604922,0.607569104,0.668802994,0.730036884,0.730036884,0.668802994,0.607569104,0.411604922,0.216214061,0.12173453,0.096165944,0.085075905,0.076642363,0.069715184,0.063221569,0.056418001,0.049800774,0.043863209,0.037846918,0.031255609,0.025893062,0.02337946,0.022300516,0.02085245,0.018707971,0.015970128,0.012986819,0.012986819,0.012986819,0.010897342,0.010684892,0.00992171,0.009083427,0.008545544,0.008283027,0.00817071,0.008083427,0.007921043,0.00768356,0.00739601,0.007083427,0.007083427,0.007083427,0.007083427
0.00719385,0.00719385,0.00719385,0.00719385,0.00719385,0.007506637,0.00779431,0.008031752,0.00819385,0.008280603,0.00839247,0.008655028,0.00919385,0.010034052,0.010798909,0.011011237,0.012006692,0.013002148,0.015829344,0.018476736,0.020670538,0.022240516,0.02342641,0.026004295,0.03138474,0.037979958,0.044013876,0.04995562,0.056623112,0.063984253,0.071569918,0.078012886,0.084328972,0.101964211,0.138102574,0.172449539,0.190351303,0.227195424,0.30691912,0.386642815,0.386642815,0.30691912,0.227195424,0.190351303,0.172449539,0.138102574,0.101964211,0.084328972,0.078012886,0.071569918,0.063984253,0.056623112,0.04995562,0.044013876,0.037979958,0.03138474,0.026004295,0.02342641,0.022240516,0.020670538,0.018476736,0.015829344,0.013002148,0.013002148,0.013002148,0.011011237,0.010798909,0.010034052,0.00919385,0.008655028,0.00839247,0.008280603,0.00819385,0.008031752,0.00779431,0.007506637,0.00719385,0.00719385,0.00719385,0.00719385
0.007210163,0.007210163,0.007210163,0.007210163,0.007210163,0.007522812,0.007810401,0.008047871,0.008210163,0.008297275,0.008409447,0.008671977,0.009210163,0.010049064,0.010812786,0.011025197,0.01201269,0.013000184,0.015779706,0.018412512,0.02066528,0.022349506,0.02366081,0.026286499,0.031520879,0.037594579,0.042820292,0.048902659,0.05762871,0.067723082,0.077481134,0.086543506,0.09660703,0.116248031,0.147741924,0.161281001,0.136614298,0.12380093,0.17205794,0.220314951,0.220314951,0.17205794,0.12380093,0.136614298,0.161281001,0.147741924,0.116248031,0.09660703,0.086543506,0.077481134,0.067723082,0.05762871,0.048902659,0.042820292,0.037594579,0.031520879,0.026286499,0.02366081,0.022349506,0.02066528,0.018412512,0.015779706,0.013000184,0.013000184,0.013000184,0.011024705,0.010812277,0.010048792,0.009210163,0.00867211,0.008409586,0.00829735,0.008210163,0.008047831,0.007810355,0.007522783,0.007210163,0.007210163,0.007210163,0.007210163
0.007170521,0.007170521,0.007170521,0.007170521,0.007170521,0.007482901,0.007770329,0.008007853,0.008170521,0.008258334,0.008371099,0.008633575,0.009170521,0.010006891,0.010768404,0.010980976,0.011991562,0.013002148,0.01583992,0.018476736,0.020631758,0.022240516,0.023570952,0.026004295,0.030503192,0.035242664,0.03884148,0.044481032,0.055098324,0.068090195,0.080275255,0.091699358,0.103468708,0.117703653,0.135384824,0.151919832,0.162835966,0.169712244,0.173476024,0.177239803,0.177239803,0.173476024,0.169712244,0.162835966,0.151919832,0.135384824,0.117703653,0.103468708,0.091699358,0.080275255,0.068090195,0.055098324,0.044481032,0.03884148,0.035242664,0.030503192,0.026004295,0.023570952,0.022240516,0.020631758,0.018476736,0.01583992,0.013002148,0.013002148,0.013002148,0.010980062,0.010767458,0.010006385,0.009170521,0.008633822,0.008371357,0.008258474,0.008170521,0.008007778,0.007770243,0.007482847,0.007170521,0.007170521,0.007170521,0.007170521
0.007145558,0.007145558,0.007145558,0.007145558,0.007145558,0.00745789,0.007745289,0.007982822,0.008145558,0.008233496,0.008346367,0.008608833,0.009145558,0.009981474,0.010742592,0.010955193,0.011988825,0.013022457,0.015931227,0.018498308,0.020309082,0.021568399,0.022731848,0.024638491,0.027742712,0.030576688,0.032301356,0.036514885,0.046551613,0.06025331,0.074021806,0.083991736,0.088162027,0.092255977,0.103126035,0.12441688,0.154587228,0.174559717,0.163292655,0.152025594,0.152025594,0.163292655,0.174559717,0.154587228,0.12441688,0.103126035,0.092255977,0.088162027,0.083991736,0.074021806,0.06025331,0.046551613,0.036514885,0.032301356,0.030576688,0.027742712,0.024638491,0.022731848,0.021568399,0.020309082,0.018498308,0.015931227,0.013022457,0.013022457,0.013022457,0.010954314,0.010741682,0.009980988,0.009145558,0.008609071,0.008346615,0.008233631,0.008145558,0.00798275,0.007745206,0.007457838,0.007145558,0.007145558,0.007145558,0.007145558
0.007205906,0.007205906,0.007205906,0.007205906,0.007205906,0.007518762,0.007806476,0.008043905,0.008205906,0.008292479,0.008404195,0.008666767,0.009205906,0.010046756,0.010812178,0.011024465,0.012019096,0.013013727,0.015993894,0.018493191,0.019966052,0.020890456,0.021907563,0.023287722,0.024981039,0.026027454,0.026156617,0.028767186,0.037045252,0.049657642,0.0632057,0.070548099,0.067452932,0.065068635,0.075245447,0.097260486,0.125059506,0.143835929,0.137329066,0.130822203,0.130822203,0.137329066,0.143835929,0.125059506,0.097260486,0.075245447,0.065068635,0.067452932,0.070548099,0.0632057,0.049657642,0.037045252,0.028767186,0.026156617,0.026027454,0.024981039,0.023287722,0.021907563,0.020890456,0.019966052,0.018493191,0.015993894,0.013013727,0.013013727,0.013013727,0.011024465,0.010812178,0.010046756,0.009205906,0.008666767,0.008404195,0.008292479,0.008205906,0.008043905,0.007806476,0.007518762,0.007205906,0.007205906,0.007205906,0.007205906
0.007383093,0.007383093,0.007383093,0.007383093,0.007383093,0.007697167,0.007985612,0.008222797,0.008383093,0.008466499,0.008575535,0.00883835,0.009383093,0.010235393,0.011010804,0.011222359,0.012090712,0.012959064,0.015998436,0.0185061,0.019894696,0.020772141,0.021847378,0.023038183,0.023994076,0.024082699,0.023386276,0.025127214,0.032174421,0.042842626,0.053909423,0.060558038,0.06029485,0.06151321,0.07253184,0.090483943,0.109329549,0.121521503,0.121097379,0.120673254,0.120673254,0.121097379,0.121521503,0.109329549,0.090483943,0.07253184,0.06151321,0.06029485,0.060558038,0.053909423,0.042842626,0.032174421,0.025127214,0.023386276,0.024082699,0.023994076,0.023038183,0.021847378,0.020772141,0.019894696,0.0185061,0.015998436,0.012959064,0.012959064,0.012959064,0.011224163,0.011012671,0.01023639,0.009383093,0.008837862,0.008575026,0.008466223,0.008383093,0.008222946,0.007985782,0.007697274,0.007383093,0.007383093,0.007383093,0.007383093
0.00755223,0.00755223,0.00755223,0.00755223,0.00755223,0.007867408,0.008156515,0.00839348,0.00855223,0.008632768,0.008739376,0.009002412,0.00955223,0.010414903,0.011199363,0.011410256,0.012217793,0.01302533,0.016017323,0.01850968,0.019950239,0.020909082,0.022052391,0.023308485,0.024364361,0.024679573,0.024325801,0.02605066,0.032151299,0.040447078,0.048190382,0.054843495,0.060873197,0.068554369,0.079624428,0.091862854,0.102394916,0.10968699,0.11517134,0.120655689,0.120655689,0.11517134,0.10968699,0.102394916,0.091862854,0.079624428,0.068554369,0.060873197,0.054843495,0.048190382,0.040447078,0.032151299,0.02605066,0.024325801,0.024679573,0.024364361,0.023308485,0.022052391,0.020909082,0.019950239,0.01850968,0.016017323,0.01302533,0.01302533,0.01302533,0.011413635,0.011202861,0.010416772,0.00955223,0.009001497,0.008738422,0.008632251,0.00855223,0.008393758,0.008156833,0.007867607,0.00755223,0.00755223,0.00755223,0.00755223
0.007549326,0.007549326,0.007549326,0.007549326,0.007549326,0.007864453,0.008153529,0.008390504,0.008549326,0.008629995,0.008736716,0.008999741,0.009549326,0.01041152,0.011195562,0.011406486,0.012331748,0.01325701,0.016087175,0.01848385,0.019952503,0.020910408,0.021935554,0.023336968,0.025181568,0.02683681,0.027993667,0.030336652,0.035280312,0.041165801,0.046308605,0.051994949,0.059714105,0.068796799,0.078023968,0.086135928,0.092737176,0.100929552,0.113223408,0.125517265,0.125517265,0.113223408,0.100929552,0.092737176,0.086135928,0.078023968,0.068796799,0.059714105,0.051994949,0.046308605,0.041165801,0.035280312,0.030336652,0.027993667,0.02683681,0.025181568,0.023336968,0.021935554,0.020910408,0.019952503,0.01848385,0.016087175,0.01325701,0.01325701,0.01325701,0.011409751,0.011198942,0.010413325,0.009549326,0.008998858,0.008735794,0.008629496,0.008549326,0.008390772,0.008153836,0.007864645,0.007549326,0.007549326,0.007549326,0.007549326
0.007210386,0.007210386,0.007210386,0.007210386,0.007210386,0.007523268,0.007810997,0.008048421,0.008210386,0.008296893,0.008408552,0.008671129,0.009210386,0.010051477,0.010817109,0.01102938,0.012027355,0.01302533,0.015999252,0.01850968,0.020016498,0.020909082,0.021805426,0.023308485,0.025757273,0.028450063,0.030783899,0.033591641,0.03761786,0.041818165,0.045359695,0.050044689,0.057474543,0.065812194,0.072826938,0.07815198,0.082853149,0.091862854,0.106259272,0.120655689,0.120655689,0.106259272,0.091862854,0.082853149,0.07815198,0.072826938,0.065812194,0.057474543,0.050044689,0.045359695,0.041818165,0.03761786,0.033591641,0.030783899,0.028450063,0.025757273,0.023308485,0.021805426,0.020909082,0.020016498,0.01850968,0.015999252,0.01302533,0.01302533,0.01302533,0.01102938,0.010817109,0.010051477,0.009210386,0.008671129,0.008408552,0.008296893,0.008210386,0.008048421,0.007810997,0.007523268,0.007210386,0.007210386,0.007210386,0.007210386
0.006429166,0.006429166,0.006429166,0.006429166,0.006429166,0.006736993,0.007021689,0.007260123,0.007429166,0.007528816,0.007651596,0.007913162,0.008429166,0.009222739,0.009946919,0.010162223,0.011012861,0.011863499,0.015575318,0.018614519,0.020216003,0.02103839,0.021978503,0.023462261,0.02561461,0.027827528,0.029675099,0.032192796,0.036231361,0.04044122,0.043786898,0.048689643,0.057141822,0.065963567,0.07167256,0.07474893,0.076973165,0.081364731,0.089128662,0.096892593,0.096892593,0.089128662,0.081364731,0.076973165,0.07474893,0.07167256,0.065963567,0.057141822,0.048689643,0.043786898,0.04044122,0.036231361,0.032192796,0.029675099,0.027827528,0.02561461,0.023462261,0.021978503,0.02103839,0.020216003,0.018614519,0.015575318,0.011863499,0.011863499,0.011863499,0.0101555,0.009939959,0.009219021,0.008429166,0.007914981,0.007653495,0.007529844,0.007429166,0.00725957,0.007021056,0.006736597,0.006429166,0.006429166,0.006429166,0.006429166
0.005330407,0.005330407,0.005330407,0.005330407,0.005330407,0.005631449,0.005912074,0.006151866,0.006330407,0.006447698,0.006585406,0.006845614,0.007330407,0.008060201,0.008728744,0.008948119,0.009787023,0.010625927,0.015004528,0.01850968,0.020164691,0.020909082,0.021907451,0.023308485,0.024901051,0.02605066,0.026608625,0.028792835,0.034480329,0.041818165,0.048588455,0.054843495,0.060893752,0.065812194,0.068775289,0.070611,0.072246358,0.073353175,0.074724262,0.076095349,0.076095349,0.074724262,0.073353175,0.072246358,0.070611,0.068775289,0.065812194,0.060893752,0.054843495,0.048588455,0.041818165,0.034480329,0.028792835,0.026608625,0.02605066,0.024901051,0.023308485,0.021907451,0.020909082,0.020164691,0.01850968,0.015004528,0.010625927,0.010625927,0.010625927,0.008935517,0.008715697,0.008053232,0.007330407,0.006849024,0.006588964,0.006449626,0.006330407,0.006150828,0.005910888,0.005630708,0.005330407,0.005330407,0.005330407,0.005330407
0.0040966,0.0040966,0.0040966,0.0040966,0.0040966,0.004390631,0.004667049,0.004908243,0.0050966,0.00523212,0.005385252,0.005644058,0.0060966,0.00676049,0.007371543,0.007595125,0.008834285,0.010073445,0.014353391,0.017776899,0.019385288,0.020094731,0.021047145,0.022412563,0.023930376,0.024589287,0.024219261,0.02676601,0.035859104,0.049747791,0.064486359,0.072729571,0.069400225,0.06189279,0.058741634,0.060569067,0.065740272,0.071503999,0.075158766,0.078813532,0.078813532,0.075158766,0.071503999,0.065740272,0.060569067,0.058741634,0.06189279,0.069400225,0.072729571,0.064486359,0.049747791,0.035859104,0.02676601,0.024219261,0.024589287,0.023930376,0.022412563,0.021047145,0.020094731,0.019385288,0.017776899,0.014353391,0.010073445,0.010073445,0.010073445,0.007582945,0.007358934,0.006753755,0.0060966,0.005647354,0.005388691,0.005233983,0.0050966,0.00490724,0.004665903,0.004389914,0.0040966,0.0040966,0.0040966,0.0040966
0.002910234,0.002910234,0.002910234,0.002910234,0.002910234,0.003198532,0.003471511,0.003713851,0.003910234,0.00406066,0.004226404,0.004484064,0.004910234,0.005520234,0.006084277,0.006311298,0.00779133,0.009271362,0.012830453,0.015795654,0.01749685,0.018542725,0.019725132,0.021289795,0.023057257,0.023693482,0.022952746,0.026097168,0.038109238,0.057345093,0.078542614,0.088593018,0.078108965,0.060435547,0.051171079,0.052194336,0.061277277,0.073484131,0.081381959,0.089279786,0.089279786,0.081381959,0.073484131,0.061277277,0.052194336,0.051171079,0.060435547,0.078108965,0.088593018,0.078542614,0.057345093,0.038109238,0.026097168,0.022952746,0.023693482,0.023057257,0.021289795,0.019725132,0.018542725,0.01749685,0.015795654,0.012830453,0.009271362,0.009271362,0.009271362,0.006311298,0.006084277,0.005520234,0.004910234,0.004484064,0.004226404,0.00406066,0.003910234,0.003713851,0.003471511,0.003198532,0.002910234,0.002910234,0.002910234,0.002910234
0.001930983,0.001930983,0.001930983,0.001930983,0.001930983,0.002215911,0.002486868,0.002729882,0.002930983,0.00309017,0.003263329,0.003520315,0.003930983,0.004509306,0.005045715,0.005274758,0.006264906,0.007255054,0.009793023,0.012206657,0.014354687,0.016359684,0.018387429,0.020512711,0.022537604,0.023264326,0.02261809,0.026015941,0.038444494,0.057676807,0.078295833,0.089337672,0.082727574,0.067494245,0.055539768,0.053156265,0.062663047,0.076098115,0.082333916,0.088569718,0.088569718,0.082333916,0.076098115,0.062663047,0.053156265,0.055539768,0.067494245,0.082727574,0.089337672,0.078295833,0.057676807,0.038444494,0.026015941,0.02261809,0.023264326,0.022537604,0.020512711,0.018387429,0.016359684,0.014354687,0.012206657,0.009793023,0.007255054,0.007255054,0.007255054,0.005301394,0.005073291,0.004524034,0.003930983,0.003513107,0.003255808,0.003086097,0.002930983,0.002732076,0.002489375,0.002217478,0.001930983,0.001930983,0.001930983,0.001930983
0.001227259,0.001227259,0.001227259,0.001227259,0.001227259,0.001510589,0.001780587,0.002023921,0.002227259,0.002390601,0.002567275,0.002823941,0.003227259,0.00379056,0.004313866,0.004543868,0.004589775,0.004635681,0.006051438,0.007897827,0.010662812,0.013915339,0.017081231,0.01993285,0.02219137,0.023026684,0.022666432,0.026120518,0.037720268,0.054300417,0.070851061,0.082480315,0.08522535,0.078721528,0.065837516,0.058777002,0.066881631,0.078709853,0.08007878,0.081447706,0.081447706,0.08007878,0.078709853,0.066881631,0.058777002,0.065837516,0.078721528,0.08522535,0.082480315,0.070851061,0.054300417,0.037720268,0.026120518,0.022666432,0.023026684,0.02219137,0.01993285,0.017081231,0.013915339,0.010662812,0.007897827,0.006051438,0.004635681,0.004635681,0.004635681,0.004603266,0.00437536,0.003823404,0.003227259,0.002807869,0.002550504,0.002381517,0.002227259,0.002028812,0.001786177,0.001514083,0.001227259,0.001227259,0.001227259,0.001227259
0.000844657,0.000844657,0.000844657,0.000844657,0.000844657,0.001127151,0.001396648,0.001640149,0.001844657,0.002010173,0.002188687,0.002445185,0.002844657,0.0034001,0.003916551,0.004147054,0.00355543,0.002963806,0.00214329,0.002165517,0.003828775,0.007594909,0.012579989,0.017563639,0.021325484,0.023232399,0.025000257,0.028932182,0.037331296,0.051417592,0.068078539,0.083118474,0.092341735,0.09288596,0.087221986,0.079153948,0.072485983,0.070049071,0.070781572,0.072648689,0.073615627,0.072346032,0.070297321,0.069625352,0.072485983,0.079940855,0.088674738,0.094278181,0.092341735,0.080098698,0.061353354,0.041552733,0.026143867,0.019073144,0.018284385,0.020220772,0.021325484,0.018940726,0.014004803,0.008355043,0.003828775,0.001796509,0.001761478,0.002362642,0.002963806,0.004234251,0.004006825,0.003448315,0.002844657,0.002421591,0.002164066,0.001996837,0.001844657,0.00164733,0.001404854,0.001132281,0.000844657,0.000844657,0.000844657,0.000844657
0.000828775,0.000828775,0.000828775,0.000828775,0.000828775,0.001110185,0.001379031,0.001622749,0.001828775,0.001997109,0.002178008,0.00243429,0.002828775,0.003374027,0.003881588,0.004112742,0.003828775,0.002963806,0.00214329,0.002165517,0.003828775,0.007594909,0.012579989,0.017563639,0.021325484,0.023232399,0.025000257,0.028932182,0.037331296,0.051417592,0.068078539,0.083118474,0.092341735,0.09288596,0.087221986,0.079153948,0.072485983,0.070049071,0.070781572,0.072648689,0.073615627,0.072346032,0.070297321,0.069625352,0.072485983,0.079940855,0.088674738,0.094278181,0.092341735,0.080098698,0.061353354,0.041552733,0.026143867,0.019073144,0.018284385,0.020220772,0.021325484,0.018940726,0.014004803,0.008355043,0.003828775,0.001796509,0.001761478,0.002760095,0.003828775,0.004211687,0.003984026,0.003428738,0.002828775,0.002407516,0.00215007,0.001981977,0.001828775,0.001630897,0.001388343,0.001116005,0.000828775,0.000828775,0.000828775,0.000828775
0.001187174,0.001187174,0.001187174,0.001187174,0.001187174,0.001466517,0.001734122,0.001978254,0.002187174,0.002360884,0.002546331,0.0028022,0.003187174,0.003712993,0.0042036,0.004435994,0.004187174,0.00340179,0.002695099,0.00285001,0.004649433,0.008554856,0.013742077,0.019065472,0.023379417,0.026065261,0.028612241,0.033036568,0.041354452,0.054616541,0.070011233,0.083761365,0.092089774,0.092447887,0.087201487,0.079944947,0.074272642,0.072822075,0.074403277,0.076869411,0.078073638,0.076602525,0.073976257,0.072448424,0.074272617,0.080638806,0.088482481,0.093675514,0.092089774,0.081098588,0.064081097,0.0459179,0.031489593,0.024343058,0.022690314,0.023409666,0.023379417,0.020279762,0.014998451,0.009225128,0.004649434,0.002524626,0.002358424,0.003222162,0.004187174,0.004523243,0.004293927,0.003761236,0.003187174,0.002778591,0.002521696,0.002347541,0.002187174,0.001985439,0.001742334,0.001471649,0.001187174,0.001187174,0.001187174,0.001187174
0.001775286,0.001775286,0.001775286,0.001775286,0.001775286,0.002051941,0.002317934,0.002562603,0.002775286,0.002955982,0.003147341,0.003402672,0.003775286,0.004275846,0.004744419,0.004978426,0.004775286,0.004084204,0.003461521,0.003615365,0.00525386,0.008813559,0.013644711,0.018825992,0.023436078,0.026932188,0.030285722,0.034846625,0.041964842,0.052318087,0.063895151,0.074012595,0.079986979,0.080050933,0.07610137,0.070951268,0.067413609,0.067499105,0.070009406,0.072943891,0.074301942,0.072761943,0.069718286,0.067244367,0.067413583,0.071424286,0.076974659,0.080887843,0.079986979,0.072197297,0.059852392,0.04638795,0.035239657,0.028919985,0.026248557,0.025121785,0.023436078,0.019653812,0.014501221,0.009270504,0.005253861,0.00339354,0.003232,0.003961746,0.004775286,0.005037906,0.004805998,0.004308734,0.003775286,0.003386577,0.003130546,0.002946885,0.002775286,0.002567502,0.002323533,0.00205544,0.001775286,0.001775286,0.001775286,0.001775286
0.002410507,0.002410507,0.002410507,0.002410507,0.002410507,0.002684494,0.002948886,0.003194089,0.003410507,0.00359814,0.003795369,0.004050166,0.004410507,0.004885986,0.005332681,0.005568288,0.005410507,0.004809325,0.0042439,0.004325679,0.005666109,0.008667172,0.012892983,0.01769819,0.022437441,0.026665214,0.030735301,0.03520132,0.040616894,0.047220801,0.053992454,0.059596426,0.062697291,0.062477995,0.060194989,0.057623097,0.056537144,0.058138334,0.061333381,0.064455378,0.065837419,0.064373678,0.061202659,0.058023948,0.056537131,0.057835492,0.060587116,0.062853788,0.062697291,0.058781313,0.052177155,0.044558022,0.037597118,0.032540111,0.028922513,0.025852298,0.022437441,0.018069901,0.013277577,0.008872352,0.005666109,0.004226074,0.004140839,0.004754339,0.005410507,0.005594996,0.005360331,0.004900754,0.004410507,0.004042939,0.003787827,0.003594056,0.003410507,0.003196288,0.0029514,0.002686065,0.002410507,0.002410507,0.002410507,0.002410507
0.002910234,0.002910234,0.002910234,0.002910234,0.002910234,0.00318221,0.003445396,0.003691001,0.003910234,0.004103095,0.004304747,0.004559142,0.004910234,0.005366813,0.00579702,0.006033834,0.005910234,0.005375432,0.004843576,0.004845049,0.005910234,0.008411852,0.012091986,0.016535056,0.021325484,0.026096377,0.03067558,0.034939623,0.038765036,0.042023251,0.044565301,0.046237124,0.046884654,0.046511967,0.045755698,0.04541062,0.04627151,0.048797933,0.052108627,0.054987122,0.056216947,0.054987122,0.052108627,0.048797933,0.04627151,0.04541062,0.045755698,0.046511967,0.046884654,0.046237124,0.044565301,0.042023251,0.038765036,0.034939623,0.03067558,0.026096377,0.021325484,0.016535056,0.012091986,0.008411852,0.005910234,0.004845049,0.004843576,0.005375432,0.005910234,0.006033834,0.00579702,0.005366813,0.004910234,0.004559142,0.004304747,0.004103095,0.003910234,0.003691001,0.003445396,0.00318221,0.002910234,0.002910234,0.002910234,0.002910234
0.003138866,0.003138866,0.003138866,0.003138866,0.003138866,0.003409959,0.003672615,0.003918396,0.004138866,0.004334024,0.004537619,0.004791838,0.005138866,0.005587141,0.006010105,0.006247449,0.006138866,0.005633028,0.005114523,0.005076919,0.006013784,0.008285168,0.011717044,0.01600187,0.020832102,0.025870087,0.030657741,0.034706869,0.03752928,0.038807066,0.038903476,0.038352044,0.037686307,0.03737162,0.037600632,0.03849781,0.040187623,0.042653463,0.045314414,0.047448482,0.048333673,0.047486148,0.045374681,0.042706199,0.040187629,0.038399889,0.037419848,0.037198367,0.037686307,0.03872784,0.039740391,0.040034699,0.0389215,0.035933778,0.031493498,0.026244869,0.020832102,0.015830498,0.011539733,0.008190572,0.006013784,0.00512284,0.005162037,0.005658379,0.006138866,0.006235136,0.005997357,0.005580333,0.005138866,0.004795169,0.004541096,0.004335907,0.004138866,0.003917382,0.003671456,0.003409235,0.003138866,0.003138866,0.003138866,0.003138866
0.003148806,0.003148806,0.003148806,0.003148806,0.003148806,0.003419938,0.003682617,0.003928391,0.004148806,0.004343864,0.004547373,0.0048016,0.005148806,0.005597446,0.006020727,0.006258048,0.006148806,0.005641527,0.005121241,0.005082108,0.006018286,0.008290335,0.011724411,0.016013069,0.020848867,0.025880257,0.03057928,0.034373872,0.036691971,0.037186115,0.036407249,0.035130918,0.034132669,0.034019229,0.034722051,0.036003771,0.037627024,0.039350035,0.040913388,0.042053256,0.042505816,0.042092561,0.040976275,0.039405064,0.037627031,0.035901593,0.034533407,0.033838443,0.034132669,0.035523053,0.037280552,0.038467123,0.038144723,0.035654125,0.031451375,0.026271335,0.020848867,0.015834247,0.01153939,0.008191627,0.006018286,0.005130025,0.005170821,0.00566798,0.006148806,0.0062452,0.006007425,0.005590341,0.005148806,0.004805077,0.004551001,0.004345829,0.004148806,0.003927333,0.003681408,0.003419183,0.003148806,0.003148806,0.003148806,0.003148806
0.003039461,0.003039461,0.003039461,0.003039461,0.003039461,0.00331118,0.003574211,0.003819867,0.004039461,0.004232992,0.00443521,0.004689554,0.005039461,0.005493619,0.005921714,0.006158682,0.006039461,0.005512569,0.004980862,0.00496078,0.005968762,0.008371984,0.01194057,0.016295379,0.021057273,0.025833177,0.030174274,0.033617812,0.035701041,0.036157326,0.035504514,0.03445657,0.033727457,0.033852943,0.034655999,0.035781398,0.036873913,0.037650149,0.038114042,0.038341356,0.038407861,0.038362646,0.038148106,0.037679957,0.036873917,0.035726051,0.034553817,0.033755017,0.033727457,0.034668976,0.035977553,0.036851205,0.036487948,0.034311283,0.030646659,0.026045011,0.021057273,0.016198517,0.01184035,0.008318517,0.005968762,0.004986736,0.005007719,0.005526898,0.006039461,0.006151723,0.005914508,0.00548977,0.005039461,0.004691437,0.004437175,0.004234056,0.004039461,0.003819294,0.003573556,0.00331077,0.003039461,0.003039461,0.003039461,0.003039461
0.002910234,0.002910234,0.002910234,0.002910234,0.002910234,0.003182714,0.003446203,0.003691707,0.003910234,0.004101785,0.004302328,0.004556824,0.004910234,0.00537155,0.005805889,0.006042401,0.005910234,0.005357795,0.004810521,0.004813102,0.005910234,0.008474744,0.012192005,0.016575525,0.021138812,0.025435134,0.029176798,0.032115871,0.034004418,0.034717627,0.034623165,0.034211823,0.033974387,0.034270913,0.034938516,0.03568358,0.036212486,0.036316305,0.036124868,0.035852691,0.035714295,0.035852691,0.036124868,0.036316305,0.036212486,0.03568358,0.034938516,0.034270913,0.033974387,0.034211823,0.034623165,0.034717627,0.034004418,0.032115871,0.029176798,0.025435134,0.021138812,0.016575525,0.012192005,0.008474744,0.005910234,0.004813102,0.004810521,0.005357795,0.005910234,0.006042401,0.005805889,0.00537155,0.004910234,0.004556824,0.004302328,0.004101785,0.003910234,0.003691707,0.003446203,0.003182714,0.002910234,0.002910234,0.002910234,0.002910234
0.00284065,0.00284065,0.00284065,0.00284065,0.00284065,0.003113763,0.003377631,0.003623009,0.00384065,0.004030556,0.004229708,0.00448433,0.00484065,0.005307913,0.00574744,0.005983572,0.00584065,0.005266664,0.004704194,0.004719469,0.005878719,0.0085539,0.01233988,0.016637254,0.020846618,0.024468231,0.027401016,0.029643561,0.031194452,0.03209004,0.032517728,0.032702679,0.032870061,0.033188996,0.033604447,0.034005335,0.034280581,0.034353564,0.034285498,0.034172054,0.034108903,0.034160591,0.034267156,0.034337514,0.034280579,0.034035137,0.033659468,0.033241725,0.032870061,0.032588307,0.032263014,0.031716413,0.030770733,0.029270154,0.027146655,0.024354167,0.020846618,0.016689411,0.012393844,0.00858269,0.005878719,0.004705493,0.004689733,0.005258948,0.00584065,0.00598732,0.00575132,0.005309985,0.00484065,0.004483316,0.00422865,0.004029983,0.00384065,0.003623317,0.003377984,0.003113984,0.00284065,0.00284065,0.00284065,0.00284065
0.00283071,0.00283071,0.00283071,0.00283071,0.00283071,0.003104306,0.003368464,0.003613744,0.00383071,0.00401936,0.004217449,0.004472168,0.00483071,0.005302513,0.005746001,0.005981844,0.00583071,0.005239901,0.004663244,0.004681196,0.005874217,0.008607361,0.012384076,0.016492405,0.020220392,0.023017822,0.024981439,0.026369725,0.027441164,0.028401967,0.02924925,0.029927856,0.030382628,0.030593883,0.030683836,0.030810175,0.031130587,0.031737229,0.032460128,0.033063776,0.033312668,0.033050674,0.032439165,0.031718886,0.031130585,0.030844234,0.030746717,0.030654145,0.030382628,0.029797144,0.028958149,0.027974964,0.026956913,0.025942974,0.02469074,0.022887463,0.020220392,0.016552012,0.012445749,0.008640264,0.005874217,0.004665223,0.004646717,0.005231083,0.00583071,0.005986127,0.005750435,0.005304881,0.00483071,0.004471009,0.004216239,0.004018705,0.00383071,0.003614097,0.003368867,0.003104558,0.00283071,0.00283071,0.00283071,0.00283071
0.002860531,0.002860531,0.002860531,0.002860531,0.002860531,0.003134511,0.003398899,0.003644103,0.003860531,0.004048185,0.00424543,0.004500226,0.004860531,0.005335938,0.00578257,0.006018182,0.005860531,0.00525605,0.004665878,0.00467983,0.005887723,0.008643692,0.012359152,0.016209836,0.01937148,0.021245077,0.022132664,0.022561538,0.023058995,0.024006903,0.025205412,0.026309244,0.026973123,0.026989973,0.026705531,0.026603739,0.027168535,0.028685165,0.030644089,0.03233707,0.033055871,0.032328881,0.030630987,0.028673701,0.027168534,0.026625026,0.026744832,0.027027637,0.026973123,0.02622755,0.025023474,0.023740026,0.022756339,0.022294819,0.021950978,0.021163603,0.01937148,0.016247091,0.012397697,0.008664256,0.005887723,0.004669847,0.004655549,0.005250539,0.005860531,0.006020859,0.005785341,0.005337418,0.004860531,0.004499502,0.004244674,0.004047775,0.003860531,0.003644323,0.00339915,0.003134668,0.002860531,0.002860531,0.002860531,0.002860531
0.002910234,0.002910234,0.002910234,0.002910234,0.002910234,0.003184547,0.003449135,0.003694272,0.003910234,0.00409702,0.004293532,0.004548394,0.004910234,0.005388776,0.005838142,0.006073554,0.005910234,0.005293656,0.004690305,0.004696918,0.005910234,0.008671458,0.012299668,0.015858407,0.018411223,0.019311163,0.019069292,0.018486177,0.018362386,0.019258343,0.020773894,0.02226874,0.023102583,0.022881664,0.02219838,0.021891665,0.022800454,0.025415237,0.028832716,0.031801149,0.033068792,0.031801149,0.028832716,0.025415237,0.022800454,0.021891665,0.02219838,0.022881664,0.023102583,0.02226874,0.020773894,0.019258343,0.018362386,0.018486177,0.019069292,0.019311163,0.018411223,0.015858407,0.012299668,0.008671458,0.005910234,0.004696918,0.004690305,0.005293656,0.005910234,0.006073554,0.005838142,0.005388776,0.004910234,0.004548394,0.004293532,0.00409702,0.003910234,0.003694272,0.003449135,0.003184547,0.002910234,0.002910234,0.002910234,0.002910234
